trade_id,signal_id,setup_type,direction,confidence,result_state,score,entry_timestamp_ist,exit_timestamp_ist,duration_minutes,entry_price,exit_price,pnl_points,est_option_pnl_rupees,spot_at_signal,stop_loss,target_1,target_2,strike,option_type,suggested_lots,capital_allocated,risk_pct,option_premium,option_sl,option_target,option_delta,pcr,atm_ce_oi,atm_pe_oi,ce_oi_change_pct,pe_oi_change_pct,active_trade_state,signal_reasons,entry_timestamp_utc,exit_timestamp_utc
f6cf83c4-9d35-4bdc-b0bc-d961b65586fd,156,EXHAUSTION_REVERSAL,BULLISH,MEDIUM,SL_HIT,0,2026-06-24 13:16:00 IST,2026-06-24 15:12:43 IST,116.7,24036.3,24013.95,-22.35,,24036.3,24015.35,24106.3,24135.5,24050,CE,,,,,,,,0.6536,3032705,1982110,-2.55,3.02,,Volume climax detected (2.8x average volume) | Candle formed a doji-like indecision pattern at 1:16pm | Target 2 set at structural resistance: 24135.50,2026-06-24T07:46:00+00:00,2026-06-24T09:42:43.451020+00:00
886a6340-2042-4a3c-89eb-15c1952f5e89,158,EXHAUSTION_REVERSAL,BULLISH,MEDIUM,T2_HIT,2,2026-06-24 15:00:00 IST,2026-07-03 09:15:24 IST,12615.4,24042.1,24135.5,93.4,,24042.1,23997.8,24112.1,24135.5,24050,CE,,,,,,,,1.0041,3174860,3187860,-6.86,-1.83,CLOSED,Volume climax detected (2.6x average volume) | Candle formed a doji-like indecision pattern at 3:00pm | Target 2 set at structural resistance: 24135.50,2026-06-24T09:30:00+00:00,2026-07-03T03:45:24.195296+00:00
3a37c0ce-928a-472f-bdd0-a935ec19cd7b,157,EXHAUSTION_REVERSAL,BULLISH,MEDIUM,T2_HIT,2,2026-06-24 15:00:00 IST,2026-07-03 09:15:23 IST,12615.4,24044.9,24135.5,90.6,,24044.9,23997.8,24114.9,24135.5,24050,CE,,,,,,,,0.9526,3408795,3247270,0.65,-0.29,CLOSED,Volume climax detected (2.9x average volume) | Candle formed a doji-like indecision pattern at 3:00pm | Target 2 set at structural resistance: 24135.50,2026-06-24T09:30:00+00:00,2026-07-03T03:45:23.445740+00:00
e2ed84ec-138e-4383-a6a5-a301311d8c18,159,OI_WALL_REJECTION,BULLISH,HIGH,T2_HIT,2,2026-06-25 09:18:00 IST,2026-06-25 10:47:25 IST,89.4,24120.15,24191.1,70.95,,24120.15,24075.0,24155.15,24190.15,24100,CE,,,,,,,,0.6253,7349875,4596020,5.59,6.54,,Price approached massive OI wall at 24100.0 | Wall size: 46.0L contracts (+6.5% change) | Candle showed clear rejection/bounce | Option writers defended the level (OI did not drop),2026-06-25T03:48:00+00:00,2026-06-25T05:17:25.044465+00:00
4c329293-ed26-4c16-9e23-1682ab551b90,160,EXHAUSTION_REVERSAL,BEARISH,MEDIUM,TIME_STOP,0,2026-06-25 13:52:00 IST,2026-07-03 09:15:24 IST,11243.4,24202.45,24202.45,0.0,,24202.45,24224.2,24090.050000000003,23789.25,24200,PE,,,,,,,,0.8894,11910275,10592855,-0.09,0.11,CLOSED,Volume climax detected (2.7x average volume) | Candle formed a doji-like indecision pattern at 1:52pm | Target 1 set at structural support: 24090.05 | Target 2 set at structural support: 23789.25,2026-06-25T08:22:00+00:00,2026-07-03T03:45:24.682827+00:00
abf4b830-dd6e-4ad9-9b33-c84b3d3d00f8,161,OI_WALL_REJECTION,BEARISH,HIGH,T2_HIT,2,2026-06-25 14:14:00 IST,2026-06-25 15:01:00 IST,47.0,24139.1,24061.85,77.25,,24139.1,24175.0,24104.1,24069.1,24150,PE,,,,,,,,1.4079,4180735,5886205,6.91,-1.92,,Price approached massive OI wall at 24150.0 | Wall size: 41.8L contracts (+6.9% change) | Candle showed clear rejection/bounce | Option writers defended the level (OI did not drop),2026-06-25T08:44:00+00:00,2026-06-25T09:31:00.782019+00:00
848078fa-bc63-4d08-908c-370e96a936ed,162,FAILED_BREAKOUT,BEARISH,MEDIUM,TIME_STOP,0,2026-06-25 14:48:00 IST,2026-07-03 09:15:25 IST,11187.4,24087.3,24087.3,0.0,,24087.3,24115.050000000003,24017.3,23789.25,24100,PE,,,,,,,,0.8489,9560330,8115510,0.5,0.03,CLOSED,Price closed back past level 24090.050000000003 | Option writers did not cover their positions | Target 2 set at structural support: 23789.25,2026-06-25T09:18:00+00:00,2026-07-03T03:45:25.221722+00:00
dd02e5da-9af2-422e-8776-4f3c6a94de14,163,OI_WALL_REJECTION,BULLISH,HIGH,T1_HIT,1,2026-06-29 09:42:00 IST,2026-06-29 10:51:19 IST,69.3,24076.0,24066.4,-9.6,-341.79,24076.0,24025.0,24111.0,24146.0,24100,CE,0.0,9099.85,10.0,77.9,53.68979,94.51485000000001,0.47471,0.5507,19675890,10835370,-0.11,4.91,CLOSED,"Price approached massive OI wall at 24050.0 | Wall size: 80.8L contracts (+5.2% change) | Candle showed clear rejection/bounce | Option writers defended the level (OI did not drop) | Option Sizing: 0 lots suggested | Capital: ₹9,099.85 | Risk: 10.0% | Option SL: ₹53.69 | Option Target: ₹94.51 | Premium: ₹77.90 | Delta: +0.4747",2026-06-29T04:12:00+00:00,2026-06-29T05:21:19.615000+00:00
81e9d686-5282-41a5-93d3-3953e0e51ac9,164,OI_WALL_REJECTION,BULLISH,HIGH,SL_HIT,0,2026-06-29 10:26:00 IST,2026-06-29 10:51:20 IST,25.3,24108.9,24066.4,-42.5,-1706.75,24108.9,24075.0,24143.9,24178.9,24100,CE,0.0,9099.07,10.0,94.25,76.09824499999922,112.99074999999999,0.53545,0.6645,21130005,14040910,-2.06,5.04,,"Price approached massive OI wall at 24100.0 | Wall size: 140.4L contracts (+5.0% change) | Candle showed clear rejection/bounce | Option writers defended the level (OI did not drop) | Option Sizing: 0 lots suggested | Capital: ₹9,099.07 | Risk: 10.0% | Option SL: ₹76.10 | Option Target: ₹112.99 | Premium: ₹94.25 | Delta: +0.5354",2026-06-29T04:56:00+00:00,2026-06-29T05:21:20.173805+00:00
987ef651-d542-4135-956c-b91541cf361d,165,OI_WALL_REJECTION,BEARISH,HIGH,SL_HIT,0,2026-06-29 12:32:00 IST,2026-06-29 13:09:39 IST,37.7,23946.35,23976.35,-30.0,-1099.48,23946.35,23975.0,23911.35,23876.35,23950,PE,0.0,9089.91,10.0,89.8,75.79989099999929,106.9031,-0.48866,1.8563,4523155,8396505,5.74,-4.15,,"Price approached massive OI wall at 23950.0 | Wall size: 45.2L contracts (+5.7% change) | Candle showed clear rejection/bounce | Option writers defended the level (OI did not drop) | Option Sizing: 0 lots suggested | Capital: ₹9,089.91 | Risk: 10.0% | Option SL: ₹75.80 | Option Target: ₹106.90 | Premium: ₹89.80 | Delta: -0.4887",2026-06-29T07:02:00+00:00,2026-06-29T07:39:39.580364+00:00
9c564cc3-bd5f-471e-ad42-3f4bf95985cd,166,FAILED_BREAKOUT,BULLISH,MEDIUM,T2_HIT,2,2026-06-29 12:47:00 IST,2026-07-03 09:15:20 IST,5548.3,23951.9,24261.600000000002,309.7,12097.58,23951.9,23925.0,24039.0,24261.600000000002,23950,CE,0.0,9087.57,10.0,95.3,81.28967299999924,140.66429299999925,0.52083,1.1332,7368400,8349770,0.52,5.2,CLOSED,"Price closed back past level 23950.0 | Option writers did not cover their positions | Target 1 set at structural resistance: 24039.00 | Target 2 set at structural resistance: 24261.60 | Option Sizing: 0 lots suggested | Capital: ₹9,087.57 | Risk: 10.0% | Option SL: ₹81.29 | Option Target: ₹140.66 | Premium: ₹95.30 | Delta: +0.5208",2026-06-29T07:17:00+00:00,2026-07-03T03:45:20.210527+00:00
e6c1aead-b5b6-4ddd-b851-64d0d6c3ec43,171,OI_WALL_REJECTION,BEARISH,MEDIUM,T2_HIT,2,2026-06-30 09:19:00 IST,2026-06-30 09:31:21 IST,12.4,23940.05,23888.0,52.05,2007.66,23940.05,23965.0,23915.05,23890.05,23950,PE,1.0,9115.94,10.0,64.45,51.61846449999963,77.30725000000001,-0.51429,0.8458,10503285,8884005,15.1,3.72,,"Price approached massive OI wall at 23950.0 | Wall size: 105.0L contracts (+15.1% change) | Candle showed clear rejection/bounce | Option writers defended the level (OI did not drop) | Option Sizing: 1 lots suggested | Capital: ₹9,115.94 | Risk: 10.0% | Option SL: ₹51.62 | Option Target: ₹77.31 | Premium: ₹64.45 | Delta: -0.5143",2026-06-30T03:49:00+00:00,2026-06-30T04:01:21.973126+00:00
00ab656f-f46e-4313-85d5-3c0a986a2725,172,FAILED_BREAKOUT,BULLISH,MEDIUM,SL_HIT,0,2026-06-30 12:15:00 IST,2026-06-30 14:04:05 IST,109.1,23930.3,23892.1,-38.2,-1255.19,23930.3,23909.550000000003,23980.3,24120.0,23950,CE,1.0,9085.91,10.0,36.8,27.709217500001593,58.7055,0.43811,0.5795,23334610,13523185,0.46,2.14,,"Price closed back past level 23924.550000000003 | Option writers did not cover their positions | Price closed back deeply past level (>=5.0 points) | Target 2 set at structural resistance: 24120.00 | Option Sizing: 1 lots suggested | Capital: ₹9,085.91 | Risk: 10.0% | Option SL: ₹27.71 | Option Target: ₹58.71 | Premium: ₹36.80 | Delta: +0.4381",2026-06-30T06:45:00+00:00,2026-06-30T08:34:05.424576+00:00
b6c2b34a-3e93-40f3-bb0e-c7a6d05df825,173,EXHAUSTION_REVERSAL,BEARISH,MEDIUM,SL_HIT,0,2026-06-30 14:04:00 IST,2026-06-30 14:25:09 IST,21.2,23892.1,23949.4,-57.3,-2226.75,23892.1,23914.95,23867.1,23842.1,23900,PE,1.0,9063.48,10.0,37.15,25.310272499998867,50.10375,-0.51815,1.8916,19590155,37056825,1.85,-9.86,,"Volume climax detected (4.2x average volume) | Candle formed a doji-like indecision pattern at 2:04pm | Option Sizing: 1 lots suggested | Capital: ₹9,063.48 | Risk: 10.0% | Option SL: ₹25.31 | Option Target: ₹50.10 | Premium: ₹37.15 | Delta: -0.5181",2026-06-30T08:34:00+00:00,2026-06-30T08:55:09.135893+00:00
f62acff4-3f8b-4751-9d78-ab4e4def3a89,174,EXHAUSTION_REVERSAL,BEARISH,HIGH,T1_HIT,1,2026-06-30 14:25:00 IST,2026-06-30 14:43:12 IST,18.2,23949.4,23954.3,-4.9,-183.74,23949.4,23975.85,23924.550000000003,23899.4,23950,PE,1.0,9063.8,10.0,20.75,7.526058000001454,33.174005999999274,-0.49996,0.4138,27949805,11565320,-8.76,11.98,,"Volume climax detected (10.1x average volume) | Candle formed a doji-like indecision pattern at 2:25pm | Extreme climactic volume spike confirms high selling/buying pressure | Extreme doji-like body ratio confirms high price indecision | Target 1 set at structural support: 23924.55 | Option Sizing: 1 lots suggested | Capital: ₹9,063.80 | Risk: 10.0% | Option SL: ₹7.53 | Option Target: ₹33.17 | Premium: ₹20.75 | Delta: -0.5000",2026-06-30T08:55:00+00:00,2026-06-30T09:13:12.887071+00:00
ac82bac0-0943-446b-b7b5-b80da60867b2,175,EXHAUSTION_REVERSAL,BULLISH,MEDIUM,SL_HIT,0,2026-06-30 14:45:00 IST,2026-06-30 14:58:25 IST,13.4,23944.95,23913.3,-31.65,-1126.53,23944.95,23924.2,23994.95,24120.0,23950,CE,1.0,9097.02,10.0,20.05,10.202465,43.778999999999996,0.47458,0.8146,26638170,21698820,-2.15,2.7,,"Volume climax detected (4.1x average volume) | Candle formed a doji-like indecision pattern at 2:45pm | Target 2 set at structural resistance: 24120.00 | Option Sizing: 1 lots suggested | Capital: ₹9,097.02 | Risk: 10.0% | Option SL: ₹10.20 | Option Target: ₹43.78 | Premium: ₹20.05 | Delta: +0.4746",2026-06-30T09:15:00+00:00,2026-06-30T09:28:25.200831+00:00
0bf81cf8-d640-4fe8-b35a-7403dc043123,176,EXHAUSTION_REVERSAL,BULLISH,HIGH,T2_HIT,2,2026-06-30 15:06:00 IST,2026-07-03 09:15:21 IST,3969.4,23835.4,24120.0,284.6,7293.8,23835.4,23813.55,23924.550000000003,24120.0,23850,CE,1.0,9072.38,10.0,7.1,1.0,37.563446500000495,0.34171,0.9097,26126230,23766535,8.03,3.18,CLOSED,"Volume climax detected (6.4x average volume) | Candle formed a doji-like indecision pattern at 3:06pm | Extreme climactic volume spike confirms high selling/buying pressure | Extreme doji-like body ratio confirms high price indecision | Target 1 set at structural resistance: 23924.55 | Target 2 set at structural resistance: 24120.00 | Option Sizing: 1 lots suggested | Capital: ₹9,072.38 | Risk: 10.0% | Option SL: ₹1.00 | Option Target: ₹37.56 | Premium: ₹7.10 | Delta: +0.3417",2026-06-30T09:36:00+00:00,2026-07-03T03:45:21.968461+00:00
b0debfe6-e711-4b93-8f31-45b1c38e5ecf,177,EXHAUSTION_REVERSAL,BEARISH,MEDIUM,SL_HIT,0,2026-07-01 11:13:00 IST,2026-07-01 12:00:45 IST,47.8,24001.5,24024.75,-23.25,-794.61,24001.5,24024.25,23931.5,23829.2,24000,PE,0.0,9477.17,10.0,145.85,135.48305249999999,177.7483,-0.45569,0.9426,11407760,10753015,-0.5,0.82,,"Volume climax detected (2.8x average volume) | Candle formed a doji-like indecision pattern at 11:13am | Extreme doji-like body ratio confirms high price indecision | Target 2 set at structural support: 23829.20 | Option Sizing: 0 lots suggested | Capital: ₹9,477.17 | Risk: 10.0% | Option SL: ₹135.48 | Option Target: ₹177.75 | Premium: ₹145.85 | Delta: -0.4557",2026-07-01T05:43:00+00:00,2026-07-01T06:30:45.205554+00:00
c36dd20a-b0c8-4868-9292-2cd622296b9c,178,FAILED_BREAKOUT,BEARISH,MEDIUM,TIME_STOP,0,2026-07-01 12:40:00 IST,2026-07-03 09:15:19 IST,2675.3,24032.25,24032.25,0.0,0.0,24032.25,24060.550000000003,23962.25,23829.2,24050,PE,0.0,9457.67,10.0,152.7,139.31098699999862,185.8177,-0.47311,0.8457,4048135,3423615,-0.91,1.59,CLOSED,"Price closed back past level 24035.550000000003 | Breakout candle volume was weak | Target 2 set at structural support: 23829.20 | Option Sizing: 0 lots suggested | Capital: ₹9,457.67 | Risk: 10.0% | Option SL: ₹139.31 | Option Target: ₹185.82 | Premium: ₹152.70 | Delta: -0.4731",2026-07-01T07:10:00+00:00,2026-07-03T03:45:19.747446+00:00
17f73dcb-0d48-4271-97ce-c90cf044cbcb,179,EXHAUSTION_REVERSAL,BULLISH,HIGH,SL_HIT,0,2026-07-01 13:41:00 IST,2026-07-01 14:38:06 IST,57.1,24034.7,24008.65,-26.05,-931.08,24034.7,24010.6,24069.7,24104.7,24100,CE,1.0,9458.45,10.0,130.55,119.06490399999898,147.2296,0.47656,0.7971,4737850,3776500,0.36,2.51,,"Volume climax detected (3.6x average volume) | Candle formed a doji-like indecision pattern at 1:41pm | Extreme doji-like body ratio confirms high price indecision | Exhaustion occurred at a significant key structural level | Option Sizing: 1 lots suggested | Capital: ₹9,458.45 | Risk: 10.0% | Option SL: ₹119.06 | Option Target: ₹147.23 | Premium: ₹130.55 | Delta: +0.4766",2026-07-01T08:11:00+00:00,2026-07-01T09:08:06.819187+00:00
b081f197-3655-4eb1-a267-5755b167659b,180,EXHAUSTION_REVERSAL,BULLISH,MEDIUM,SL_HIT,0,2026-07-01 14:22:00 IST,2026-07-01 14:37:06 IST,15.1,24036.3,24014.45,-21.85,-784.09,24036.3,24016.0,24071.3,24106.3,24100,CE,1.0,9476.0,10.0,130.5,120.78705900000034,147.24645,0.47847,0.9111,4819555,4391270,0.7,-0.75,,"Volume climax detected (2.6x average volume) | Candle formed a doji-like indecision pattern at 2:22pm | Exhaustion occurred at a significant key structural level | Option Sizing: 1 lots suggested | Capital: ₹9,476.00 | Risk: 10.0% | Option SL: ₹120.79 | Option Target: ₹147.25 | Premium: ₹130.50 | Delta: +0.4785",2026-07-01T08:52:00+00:00,2026-07-01T09:07:06.243744+00:00
e6e8ab3c-e03c-44d6-976f-0108a0071194,181,FAILED_BREAKOUT,BEARISH,MEDIUM,TIME_STOP,0,2026-07-01 15:01:00 IST,2026-07-03 09:15:20 IST,2534.3,24024.45,24024.45,0.0,0.0,24024.45,24060.550000000003,23954.45,23829.2,24050,PE,0.0,9470.74,10.0,151.2,133.85033999999894,184.84199999999998,-0.4806,1.1997,11974495,14365975,-2.56,-1.94,CLOSED,"Price closed back past level 24035.550000000003 | Price closed back deeply past level (>=5.0 points) | Target 2 set at structural support: 23829.20 | Option Sizing: 0 lots suggested | Capital: ₹9,470.74 | Risk: 10.0% | Option SL: ₹133.85 | Option Target: ₹184.84 | Premium: ₹151.20 | Delta: -0.4806",2026-07-01T09:31:00+00:00,2026-07-03T03:45:20.322359+00:00
7ff52f71-bddd-4f5f-aeb1-1a060d357de5,182,EXHAUSTION_REVERSAL,BULLISH,MEDIUM,T2_HIT,2,2026-07-01 15:18:00 IST,2026-07-03 09:15:21 IST,2517.4,24000.35,24070.35,70.0,2582.63,24000.35,23978.95,24035.550000000003,24070.35,24050,CE,1.0,9465.67,10.0,133.8,123.27269800000109,151.11593600000216,0.49193,1.148,11823825,13573755,-0.06,-0.44,CLOSED,"Volume climax detected (2.6x average volume) | Candle formed a doji-like indecision pattern at 3:18pm | Extreme doji-like body ratio confirms high price indecision | Target 1 set at structural resistance: 24035.55 | Option Sizing: 1 lots suggested | Capital: ₹9,465.67 | Risk: 10.0% | Option SL: ₹123.27 | Option Target: ₹151.12 | Premium: ₹133.80 | Delta: +0.4919",2026-07-01T09:48:00+00:00,2026-07-03T03:45:21.460259+00:00
041a985d-9d4d-42bb-b83a-4e3d4aff15ba,183,OI_WALL_REJECTION,BEARISH,MEDIUM,SL_HIT,0,2026-07-02 09:17:00 IST,2026-07-02 09:25:23 IST,8.4,24078.6,24126.35,-47.75,-1723.3,24078.6,24125.0,24049.9,23895.100000000002,24100,PE,0.0,9622.7,10.0,131.05,108.72231999999931,144.86043999999862,-0.4812,0.517,5809180,3003195,10.6,14.18,CLOSED,"Price approached massive OI wall at 24100.0 | Wall size: 58.1L contracts (+10.6% change) | Candle showed clear rejection/bounce | Option writers defended the level (OI did not drop) | Aggressive active defending by option writers (>1.5x min change) | Target 1 set at structural support: 24049.90 | Target 2 set at structural support: 23895.10 | Option Sizing: 0 lots suggested | Capital: ₹9,622.70 | Risk: 10.0% | Option SL: ₹108.72 | Option Target: ₹144.86 | Premium: ₹131.05 | Delta: -0.4812",2026-07-02T03:47:00+00:00,2026-07-02T03:55:23.795425+00:00
b6bea787-73c3-41fc-95d5-1a711748408c,184,OI_WALL_REJECTION,BEARISH,HIGH,SL_HIT,0,2026-07-02 10:16:00 IST,2026-07-02 12:19:44 IST,123.7,24085.15,24125.5,-40.35,-1427.0,24085.15,24125.0,24049.9,23895.100000000002,24100,PE,0.0,9570.39,10.0,124.75,105.95913100000068,141.371785,-0.47154,0.7203,9564815,6889220,5.28,-3.59,CLOSED,"Price approached massive OI wall at 24100.0 | Wall size: 95.6L contracts (+5.3% change) | Candle showed clear rejection/bounce | Option writers defended the level (OI did not drop) | Massive wall size confirms strong barrier (>1.5x min) | Candle showed heavy overhead supply (long upper wick) | Target 1 set at structural support: 24049.90 | Target 2 set at structural support: 23895.10 | Option Sizing: 0 lots suggested | Capital: ₹9,570.39 | Risk: 10.0% | Option SL: ₹105.96 | Option Target: ₹141.37 | Premium: ₹124.75 | Delta: -0.4715",2026-07-02T04:46:00+00:00,2026-07-02T06:49:44.555136+00:00
13af97a2-b3fd-44b2-b94b-6fd423765336,185,EXHAUSTION_REVERSAL,BEARISH,MEDIUM,SL_HIT,0,2026-07-02 13:01:00 IST,2026-07-02 13:19:53 IST,18.9,24129.0,24152.55,-23.55,-844.18,24129.0,24150.85,24049.9,23895.100000000002,24150,PE,1.0,9637.45,10.0,119.85,109.40679250000069,157.6558449999993,-0.47795,0.6677,5684705,3795480,0.74,0.4,CLOSED,"Volume climax detected (3.0x average volume) | Candle formed a doji-like indecision pattern at 1:01pm | Target 1 set at structural support: 24049.90 | Target 2 set at structural support: 23895.10 | Option Sizing: 1 lots suggested | Capital: ₹9,637.45 | Risk: 10.0% | Option SL: ₹109.41 | Option Target: ₹157.66 | Premium: ₹119.85 | Delta: -0.4779",2026-07-02T07:31:00+00:00,2026-07-02T07:49:53.196745+00:00
cdf06535-f3b0-4a21-9573-100c38ff8b47,186,EXHAUSTION_REVERSAL,BEARISH,MEDIUM,TIME_STOP,0,2026-07-02 15:28:00 IST,2026-07-03 09:15:19 IST,1067.3,24169.4,24169.4,0.0,0.0,24169.4,24190.8,24049.9,23895.100000000002,24200,PE,1.0,9633.43,10.0,114.95,104.42120000000108,173.744,-0.492,1.3487,3272750,4414020,-1.12,-1.49,CLOSED,"Volume climax detected (2.5x average volume) | Candle formed a doji-like indecision pattern at 3:28pm | Target 1 set at structural support: 24049.90 | Target 2 set at structural support: 23895.10 | Option Sizing: 1 lots suggested | Capital: ₹9,633.43 | Risk: 10.0% | Option SL: ₹104.42 | Option Target: ₹173.74 | Premium: ₹114.95 | Delta: -0.4920",2026-07-02T09:58:00+00:00,2026-07-03T03:45:19.744874+00:00
d6aea8dd-db64-41fe-963e-bd39c53a01d3,187,FAILED_BREAKOUT,BULLISH,HIGH,STOPPED_OUT_AT_BE,1,2026-07-03 09:20:00 IST,2026-07-03 13:29:02 IST,249.0,24305.3,24305.3,0.0,0.0,24305.3,24275.0,24350.0,24400.0,24350,CE,1.0,9636.35,10.0,90.3,75.71903400000035,111.81053400000035,0.48122,0.8442,8616010,7273760,10.65,12.75,CLOSED,"Price closed back past level 24300.0 | Breakout candle volume was weak | Option writers did not cover their positions | Option writers actively defended and added positions (>=3% OI growth) | Price closed back deeply past level (>=5.0 points) | Target 1 set at structural resistance: 24350.00 | Target 2 set at structural resistance: 24400.00 | Option Sizing: 1 lots suggested | Capital: ₹9,636.35 | Risk: 10.0% | Option SL: ₹75.72 | Option Target: ₹111.81 | Premium: ₹90.30 | Delta: +0.4812",2026-07-03T03:50:00+00:00,2026-07-03T07:59:02.849219+00:00
3d750af4-7140-4dfe-a053-1ec575b53b87,197,TREND_CONTINUATION,BULLISH,HIGH,SL_HIT,0,2026-07-07 10:43:00 IST,2026-07-07 10:45:31 IST,2.5,24490.2,24471.2,-19.0,-661.27,24490.2,24471.2,24515.2,24540.2,24500,CE,0.0,180.73,10.0,27.15,18.33305,38.75125,0.46405,0.7391,38121525,28174640,2.61,-4.01,CLOSED,"Trend continuation: regime held 43 candles before pullback | Pullback held 3 candle(s), resumed at 24490.20 | Pullback stayed on the trend side of VWAP — shallow retrace | Regime persisted well beyond the minimum arming window | Sufficient room to the next opposing structural level | Option Sizing: 0 lots suggested | Capital: ₹180.73 | Risk: 10.0% | Option SL: ₹18.33 | Option Target: ₹38.75 | Premium: ₹27.15 | Delta: +0.4641",2026-07-07T05:13:00+00:00,2026-07-07T05:15:31.499624+00:00
1db2bef8-1199-43c7-9ab2-2f818d4965ba,198,TREND_CONTINUATION,BEARISH,MEDIUM,SL_HIT,0,2026-07-08 11:55:00 IST,2026-07-08 11:55:40 IST,0.7,24253.1,24259.45,-6.35,-216.03,24253.1,24259.45,24218.1,24183.1,24250,PE,0.0,69.78,10.0,146.85,143.969576499999,162.72635,-0.45361,1.123,5627700,6319820,-0.16,-0.61,CLOSED,"Trend continuation: regime held 16 candles before pullback | Pullback held 3 candle(s), resumed at 24253.10 | Pullback stayed on the trend side of VWAP — shallow retrace | Sufficient room to the next opposing structural level | Option Sizing: 0 lots suggested | Capital: ₹69.78 | Risk: 10.0% | Option SL: ₹143.97 | Option Target: ₹162.73 | Premium: ₹146.85 | Delta: -0.4536",2026-07-08T06:25:00+00:00,2026-07-08T06:25:40.291135+00:00
c4b559b5-8712-43f9-a878-ec966801999d,199,TREND_CONTINUATION,BULLISH,HIGH,SL_HIT,0,2026-07-09 10:22:00 IST,2026-07-09 10:36:32 IST,14.5,24046.05,24029.65,-16.4,-590.24,24046.05,24029.65,24116.05,24300.0,24100,CE,0.0,31.76,10.0,117.6,109.73013200000103,151.1909,0.47987,1.0224,3628625,3709810,2.38,0.15,CLOSED,"Trend continuation: regime held 66 candles before pullback | Pullback held 3 candle(s), resumed at 24046.05 | Pullback stayed on the trend side of VWAP — shallow retrace | Resumption volume confirms participation (>= 1.2x average) | Regime persisted well beyond the minimum arming window | Sufficient room to the next opposing structural level | Target 2 set at structural resistance: 24300.00 | Option Sizing: 0 lots suggested | Capital: ₹31.76 | Risk: 10.0% | Option SL: ₹109.73 | Option Target: ₹151.19 | Premium: ₹117.60 | Delta: +0.4799",2026-07-09T04:52:00+00:00,2026-07-09T05:06:32.088606+00:00
d6350758-95f3-4ae5-a576-c91378b8651f,200,TREND_CONTINUATION,BULLISH,MEDIUM,TIME_STOP,0,2026-07-09 11:49:00 IST,2026-07-09 12:34:49 IST,45.8,24051.6,24051.6,0.0,0.0,24051.6,24041.35,24121.6,24300.0,24100,CE,0.0,31.76,10.0,118.85,113.88582249999999,152.7517,0.48431,1.2708,3095495,3933670,0.77,0.98,CLOSED,"Trend continuation: regime held 22 candles before pullback | Pullback held 3 candle(s), resumed at 24051.60 | Pullback stayed on the trend side of VWAP — shallow retrace | Sufficient room to the next opposing structural level | Target 2 set at structural resistance: 24300.00 | Option Sizing: 0 lots suggested | Capital: ₹31.76 | Risk: 10.0% | Option SL: ₹113.89 | Option Target: ₹152.75 | Premium: ₹118.85 | Delta: +0.4843",2026-07-09T06:19:00+00:00,2026-07-09T07:04:49.016202+00:00
d38ef1e8-7bc9-449c-abfd-aaa31ac35830,201,EXHAUSTION_REVERSAL,BEARISH,MEDIUM,SL_HIT,0,2026-07-09 14:17:00 IST,2026-07-09 14:17:04 IST,0.1,24041.85,24042.65,-0.8,-28.13,24041.85,24042.65,23971.85,23805.2,24050,PE,0.0,1586.6,10.0,138.1,137.72492799999864,170.91879999999998,-0.46884,1.149,3857620,4432480,0.15,1.02,CLOSED,"Volume climax detected (2.5x average volume) | Candle formed a doji-like indecision pattern at 2:17pm | Target 2 set at structural support: 23805.20 | Option Sizing: 0 lots suggested | Capital: ₹1,586.60 | Risk: 10.0% | Option SL: ₹137.72 | Option Target: ₹170.92 | Premium: ₹138.10 | Delta: -0.4688",2026-07-09T08:47:00+00:00,2026-07-09T08:47:04.430775+00:00
88f3c52e-2eeb-4aac-8967-baed3687d41c,202,EXHAUSTION_REVERSAL,BULLISH,MEDIUM,SL_HIT,0,2026-07-09 14:18:00 IST,2026-07-09 14:18:05 IST,0.1,24035.35,24034.75,-0.6,-20.84,24035.35,24034.75,24105.35,24300.0,24100,CE,0.0,1586.6,10.0,104.8,104.52214000000068,137.21699999999998,0.4631,1.152,3900325,4493255,1.11,1.37,CLOSED,"Volume climax detected (3.2x average volume) | Candle formed a doji-like indecision pattern at 2:18pm | Target 2 set at structural resistance: 24300.00 | Option Sizing: 0 lots suggested | Capital: ₹1,586.60 | Risk: 10.0% | Option SL: ₹104.52 | Option Target: ₹137.22 | Premium: ₹104.80 | Delta: +0.4631",2026-07-09T08:48:00+00:00,2026-07-09T08:48:05.623384+00:00
e327a5ec-1d5d-4474-9bbf-e724b42276e3,203,EXHAUSTION_REVERSAL,BULLISH,MEDIUM,SL_HIT,0,2026-07-09 14:19:00 IST,2026-07-09 14:19:08 IST,0.1,24045.45,24043.9,-1.55,-55.07,24045.45,24043.9,24115.45,24300.0,24100,CE,0.0,1586.6,10.0,106.45,105.71567200000035,139.6132,0.47376,1.1666,3836105,4475380,-1.65,-0.4,CLOSED,"Volume climax detected (4.6x average volume) | Candle formed a doji-like indecision pattern at 2:19pm | Extreme climactic volume spike confirms high selling/buying pressure | Extreme doji-like body ratio confirms high price indecision | Target 2 set at structural resistance: 24300.00 | Option Sizing: 0 lots suggested | Capital: ₹1,586.60 | Risk: 10.0% | Option SL: ₹105.72 | Option Target: ₹139.61 | Premium: ₹106.45 | Delta: +0.4738",2026-07-09T08:49:00+00:00,2026-07-09T08:49:08.016193+00:00
91a866f5-0233-487b-9063-96eb5bba9e08,204,TREND_CONTINUATION,BEARISH,MEDIUM,TIME_STOP,0,2026-07-09 15:01:00 IST,2026-07-10 09:15:19 IST,1094.3,23993.5,23993.5,0.0,0.0,23993.5,24044.05,23923.5,23805.2,24000,PE,0.0,60.6,10.0,135.0,111.22734600000034,167.9196,-0.47028,1.3585,7055100,9584705,-0.71,-1.15,CLOSED,"Trend continuation: regime held 16 candles before pullback | Pullback held 6 candle(s), resumed at 23993.50 | Resumption volume confirms participation (>= 1.2x average) | Sufficient room to the next opposing structural level | Target 2 set at structural support: 23805.20 | Option Sizing: 0 lots suggested | Capital: ₹60.60 | Risk: 10.0% | Option SL: ₹111.23 | Option Target: ₹167.92 | Premium: ₹135.00 | Delta: -0.4703",2026-07-09T09:31:00+00:00,2026-07-10T03:45:19.551177+00:00
7be4574f-65d8-4b86-985d-3d4e8606205a,205,EXHAUSTION_REVERSAL,BULLISH,MEDIUM,SL_HIT,0,2026-07-09 15:16:00 IST,2026-07-09 15:16:23 IST,0.4,23945.7,23944.95,-0.75,-26.81,23945.7,23944.95,24015.7,24300.0,24000,CE,1.0,7657.39,10.0,111.1,110.742565,144.4606,0.47658,1.7335,1680315,2912910,4.19,-2.36,CLOSED,"Volume climax detected (2.8x average volume) | Candle formed a doji-like indecision pattern at 3:16pm | Target 2 set at structural resistance: 24300.00 | Option Sizing: 1 lots suggested | Capital: ₹7,657.39 | Risk: 10.0% | Option SL: ₹110.74 | Option Target: ₹144.46 | Premium: ₹111.10 | Delta: +0.4766",2026-07-09T09:46:00+00:00,2026-07-09T09:46:23.210059+00:00
68b70b34-1580-41d9-9e1b-6e5dc666ce81,206,EXHAUSTION_REVERSAL,BULLISH,MEDIUM,SL_HIT,0,2026-07-09 15:18:00 IST,2026-07-09 15:18:24 IST,0.4,23949.25,23947.2,-2.05,-74.08,23949.25,23947.2,24019.25,24300.0,24000,CE,1.0,7657.39,10.0,111.15,110.16233050000035,144.8753,0.48179,1.7235,1678820,2893475,0.31,-1.39,CLOSED,"Volume climax detected (2.8x average volume) | Candle formed a doji-like indecision pattern at 3:18pm | Target 2 set at structural resistance: 24300.00 | Option Sizing: 1 lots suggested | Capital: ₹7,657.39 | Risk: 10.0% | Option SL: ₹110.16 | Option Target: ₹144.88 | Premium: ₹111.15 | Delta: +0.4818",2026-07-09T09:48:00+00:00,2026-07-09T09:48:24.515291+00:00
007aa8a7-5f8c-4c0a-a44a-cc20fe8d6c0e,207,TREND_CONTINUATION,BULLISH,HIGH,SL_HIT,0,2026-07-10 12:51:00 IST,2026-07-10 13:20:53 IST,29.9,24194.4,24169.4,-25.0,-863.08,24194.4,24169.4,24234.4,24274.4,24250,CE,0.0,32.86,10.0,82.4,70.89225,100.8124,0.46031,0.901,18827510,16964415,-0.18,1.02,CLOSED,"Trend continuation: regime held 16 candles before pullback | Pullback held 6 candle(s), resumed at 24194.40 | Pullback stayed on the trend side of VWAP — shallow retrace | Resumption volume confirms participation (>= 1.2x average) | Sufficient room to the next opposing structural level | Option Sizing: 0 lots suggested | Capital: ₹32.86 | Risk: 10.0% | Option SL: ₹70.89 | Option Target: ₹100.81 | Premium: ₹82.40 | Delta: +0.4603",2026-07-10T07:21:00+00:00,2026-07-10T07:50:53.251835+00:00
b09fdb78-6063-4bb3-9d64-728560947ef9,208,TREND_CONTINUATION,BULLISH,MEDIUM,TIME_STOP,0,2026-07-10 13:53:00 IST,2026-07-10 14:59:08 IST,66.1,24195.2,24195.2,0.0,0.0,24195.2,24170.2,24235.2,24275.2,24250,CE,0.0,32.86,10.0,78.95,67.53775,97.2096,0.45649,1.0439,18096715,18890560,0.69,-0.95,CLOSED,"Trend continuation: regime held 20 candles before pullback | Pullback held 6 candle(s), resumed at 24195.20 | Pullback stayed on the trend side of VWAP — shallow retrace | Sufficient room to the next opposing structural level | Option Sizing: 0 lots suggested | Capital: ₹32.86 | Risk: 10.0% | Option SL: ₹67.54 | Option Target: ₹97.21 | Premium: ₹78.95 | Delta: +0.4565",2026-07-10T08:23:00+00:00,2026-07-10T09:29:08.720802+00:00
c7d07c24-c04c-4665-962d-6503e58903d0,209,EXHAUSTION_REVERSAL,BULLISH,MEDIUM,TIME_STOP,0,2026-07-10 15:00:00 IST,2026-07-13 09:24:35 IST,3984.6,24198.75,24198.75,0.0,0.0,24198.75,24186.75,24222.75,24238.75,24250,CE,0.0,32.86,10.0,75.3,69.78732,86.32536,0.45939,1.3559,14738555,19983860,-1.78,-2.18,CLOSED,Volume climax detected (4.9x average volume) | Candle formed a doji-like indecision pattern at 3:00pm | Extreme climactic volume spike confirms high selling/buying pressure | Extreme doji-like body ratio confirms high price indecision | Option Sizing: 0 lots suggested | Capital: ₹32.86 | Risk: 10.0% | Option SL: ₹69.79 | Option Target: ₹86.33 | Premium: ₹75.30 | Delta: +0.4594,2026-07-10T09:30:00+00:00,2026-07-13T03:54:35.633945+00:00
eb20f4f4-4e28-4644-974a-72d998a0404e,210,EXHAUSTION_REVERSAL,BULLISH,MEDIUM,TIME_STOP,0,2026-07-10 15:18:00 IST,2026-07-13 09:24:36 IST,3966.6,24201.4,24201.4,0.0,0.0,24201.4,24189.4,24225.4,24241.4,24250,CE,0.0,32.86,10.0,72.4,66.8704,83.45920000000001,0.4608,1.2651,12544220,15869230,-0.19,-2.17,CLOSED,Volume climax detected (3.1x average volume) | Candle formed a doji-like indecision pattern at 3:18pm | Option Sizing: 0 lots suggested | Capital: ₹32.86 | Risk: 10.0% | Option SL: ₹66.87 | Option Target: ₹83.46 | Premium: ₹72.40 | Delta: +0.4608,2026-07-10T09:48:00+00:00,2026-07-13T03:54:36.165952+00:00
16e36e94-83c6-4f88-b704-edb8aa712fa6,211,FAILED_BREAKOUT,BEARISH,MEDIUM,SL_HIT,0,2026-07-13 10:01:00 IST,2026-07-13 10:27:57 IST,27.0,24118.85,24133.85,-15.0,-513.35,24118.85,24133.85,24088.85,24063.85,24100,PE,0.0,3.36,10.0,97.1,90.25534999999999,110.7893,-0.45631,1.4838,10694060,15867995,1.09,1.86,CLOSED,Price closed back past level 24120.350000000002 | Breakout candle volume was weak | IV is dropping rapidly (IV Crush) | Option writers did not cover their positions | Option Sizing: 0 lots suggested | Capital: ₹3.36 | Risk: 10.0% | Option SL: ₹90.26 | Option Target: ₹110.79 | Premium: ₹97.10 | Delta: -0.4563,2026-07-13T04:31:00+00:00,2026-07-13T04:57:57.633842+00:00
6607c543-172f-4a09-94e3-48e622f8e8bc,212,FAILED_BREAKOUT,BEARISH,MEDIUM,SL_HIT,0,2026-07-13 10:23:00 IST,2026-07-13 10:27:58 IST,5.0,24113.1,24128.1,-15.0,-522.8,24113.1,24128.1,24083.1,24058.1,24100,PE,0.0,3.36,10.0,97.9,90.92935,111.8413,-0.46471,1.5774,12087400,19066385,-2.74,1.16,CLOSED,Price closed back past level 24120.350000000002 | IV is dropping rapidly (IV Crush) | Price closed back deeply past level (>=5.0 points) | Option Sizing: 0 lots suggested | Capital: ₹3.36 | Risk: 10.0% | Option SL: ₹90.93 | Option Target: ₹111.84 | Premium: ₹97.90 | Delta: -0.4647,2026-07-13T04:53:00+00:00,2026-07-13T04:57:58.135370+00:00
13b18c7b-3759-4c95-a417-047dd4616562,213,TREND_CONTINUATION,BULLISH,MEDIUM,T2_HIT,2,2026-07-13 11:25:00 IST,2026-07-13 12:52:20 IST,87.3,24146.7,24228.45,81.75,3149.19,24146.7,24121.7,24186.7,24228.45,24150,CE,0.0,3.36,10.0,79.65,66.80925,100.1952,0.51363,1.3006,10461100,13605930,0.16,1.22,CLOSED,"Trend continuation: regime held 16 candles before pullback | Pullback held 7 candle(s), resumed at 24146.70 | Pullback stayed on the trend side of VWAP — shallow retrace | Sufficient room to the next opposing structural level | Option Sizing: 0 lots suggested | Capital: ₹3.36 | Risk: 10.0% | Option SL: ₹66.81 | Option Target: ₹100.20 | Premium: ₹79.65 | Delta: +0.5136",2026-07-13T05:55:00+00:00,2026-07-13T07:22:20.544820+00:00
db669a0e-83d0-4fd2-a02e-8c2ccac29a10,214,EXHAUSTION_REVERSAL,BULLISH,MEDIUM,SL_HIT,0,2026-07-13 11:54:00 IST,2026-07-13 11:58:09 IST,4.2,24145.25,24133.25,-12.0,-460.03,24145.25,24133.25,24169.25,24228.45,24150,CE,0.0,3.36,10.0,81.35,75.2162,93.6176,0.51115,1.2093,11540035,13955045,-0.39,0.69,CLOSED,Volume climax detected (10.7x average volume) | Candle formed a doji-like indecision pattern at 11:54am | Extreme climactic volume spike confirms high selling/buying pressure | Option Sizing: 0 lots suggested | Capital: ₹3.36 | Risk: 10.0% | Option SL: ₹75.22 | Option Target: ₹93.62 | Premium: ₹81.35 | Delta: +0.5111,2026-07-13T06:24:00+00:00,2026-07-13T06:28:09.546235+00:00
b1c7034e-e659-49cd-8fc7-b4d813b290a7,215,EXHAUSTION_REVERSAL,BEARISH,MEDIUM,SL_HIT,0,2026-07-13 12:21:00 IST,2026-07-13 12:35:17 IST,14.3,24187.65,24199.65,-12.0,-453.29,24187.65,24199.65,24163.65,24120.350000000002,24200,PE,0.0,3.36,10.0,104.75,98.7062,116.83760000000001,-0.50365,0.7704,16694275,12860770,0.31,3.04,CLOSED,Volume climax detected (4.0x average volume) | Candle formed a doji-like indecision pattern at 12:21pm | Extreme climactic volume spike confirms high selling/buying pressure | Extreme doji-like body ratio confirms high price indecision | Option Sizing: 0 lots suggested | Capital: ₹3.36 | Risk: 10.0% | Option SL: ₹98.71 | Option Target: ₹116.84 | Premium: ₹104.75 | Delta: -0.5037,2026-07-13T06:51:00+00:00,2026-07-13T07:05:17.204176+00:00
58b894b6-d111-4320-9d1a-25551cd9aec8,216,TREND_CONTINUATION,BULLISH,MEDIUM,TIME_STOP,0,2026-07-13 14:21:00 IST,2026-07-13 15:06:35 IST,45.6,24225.0,24225.0,0.0,0.0,24225.0,24200.0,24265.0,24305.0,24250,CE,0.0,3.36,10.0,69.8,58.104,88.5136,0.46784,1.1737,18556980,21780005,0.14,1.78,CLOSED,"Trend continuation: regime held 48 candles before pullback | Pullback held 3 candle(s), resumed at 24225.00 | Pullback stayed on the trend side of VWAP — shallow retrace | Regime persisted well beyond the minimum arming window | Option Sizing: 0 lots suggested | Capital: ₹3.36 | Risk: 10.0% | Option SL: ₹58.10 | Option Target: ₹88.51 | Premium: ₹69.80 | Delta: +0.4678",2026-07-13T08:51:00+00:00,2026-07-13T09:36:35.394293+00:00
a63f7c39-422b-470a-91d5-af8e045d9c00,217,FAILED_BREAKOUT,BEARISH,HIGH,SL_HIT,0,2026-07-13 14:37:00 IST,2026-07-13 14:46:32 IST,9.5,24219.5,24234.5,-15.0,-507.27,24219.5,24234.5,24189.5,24120.350000000002,24200,PE,0.0,3.36,10.0,80.6,73.83635,94.12729999999999,-0.45091,1.2643,17573855,22218820,0.45,-0.36,CLOSED,Price closed back past level 24228.45 | Breakout candle volume was weak | IV is dropping rapidly (IV Crush) | Option writers did not cover their positions | Price closed back deeply past level (>=5.0 points) | Option Sizing: 0 lots suggested | Capital: ₹3.36 | Risk: 10.0% | Option SL: ₹73.84 | Option Target: ₹94.13 | Premium: ₹80.60 | Delta: -0.4509,2026-07-13T09:07:00+00:00,2026-07-13T09:16:32.495144+00:00
54539e51-ec4e-4564-ba2c-c62ec9128bbd,218,TREND_CONTINUATION,BEARISH,MEDIUM,T2_HIT,2,2026-07-13 15:27:00 IST,2026-07-14 09:15:19 IST,1068.3,24203.75,24120.350000000002,83.4,2971.0,24203.75,24228.75,24163.75,24120.350000000002,24200,PE,0.0,3.36,10.0,74.3,62.4255,93.2992,-0.47498,1.3061,10949185,14300910,-2.18,-2.18,CLOSED,"Trend continuation: regime held 25 candles before pullback | Pullback held 3 candle(s), resumed at 24203.75 | Pullback stayed on the trend side of VWAP — shallow retrace | Sufficient room to the next opposing structural level | Option Sizing: 0 lots suggested | Capital: ₹3.36 | Risk: 10.0% | Option SL: ₹62.43 | Option Target: ₹93.30 | Premium: ₹74.30 | Delta: -0.4750",2026-07-13T09:57:00+00:00,2026-07-14T03:45:19.569902+00:00
9541a83a-f971-4566-ba26-6d109d4dbac2,219,TREND_CONTINUATION,BEARISH,HIGH,STOPPED_OUT_AT_BE,1,2026-07-14 10:08:00 IST,2026-07-14 10:29:32 IST,21.5,24080.6,24080.6,0.0,0.0,24080.6,24105.6,24040.6,24000.2,24100,PE,0.0,3.36,10.0,66.0,52.41075,87.7428,-0.54357,0.7892,31098795,24544000,1.96,-0.36,CLOSED,"Trend continuation: regime held 21 candles before pullback | Pullback held 4 candle(s), resumed at 24080.60 | Pullback stayed on the trend side of VWAP — shallow retrace | Regime persisted well beyond the minimum arming window | Sufficient room to the next opposing structural level | Option Sizing: 0 lots suggested | Capital: ₹3.36 | Risk: 10.0% | Option SL: ₹52.41 | Option Target: ₹87.74 | Premium: ₹66.00 | Delta: -0.5436",2026-07-14T04:38:00+00:00,2026-07-14T04:59:32.134464+00:00
72d24fe6-a2db-4ae3-b589-0c2cc867138f,220,EXHAUSTION_REVERSAL,BULLISH,MEDIUM,SL_HIT,0,2026-07-14 11:19:00 IST,2026-07-14 11:37:42 IST,18.7,24131.2,24119.2,-12.0,-390.84,24131.2,24119.2,24155.2,24259.800000000003,24150,CE,0.0,3.36,10.0,30.8,25.58876,41.222480000000004,0.43427,0.7214,23920390,17256915,0.0,0.66,CLOSED,Volume climax detected (3.6x average volume) | Candle formed a doji-like indecision pattern at 11:19am | Option Sizing: 0 lots suggested | Capital: ₹3.36 | Risk: 10.0% | Option SL: ₹25.59 | Option Target: ₹41.22 | Premium: ₹30.80 | Delta: +0.4343,2026-07-14T05:49:00+00:00,2026-07-14T06:07:42.862179+00:00
3d173bb3-3dda-497c-956e-501910061247,221,TREND_CONTINUATION,BEARISH,HIGH,SL_HIT,0,2026-07-14 13:01:00 IST,2026-07-14 13:07:10 IST,6.2,24065.7,24090.7,-25.0,-801.86,24065.7,24090.7,24025.7,24000.2,24050,PE,0.0,3.36,10.0,31.2,20.508499999999998,48.3064,-0.42766,2.239,16335605,36575955,-0.75,1.72,CLOSED,"Trend continuation: regime held 52 candles before pullback | Pullback held 5 candle(s), resumed at 24065.70 | Pullback stayed on the trend side of VWAP — shallow retrace | Regime persisted well beyond the minimum arming window | Sufficient room to the next opposing structural level | Option Sizing: 0 lots suggested | Capital: ₹3.36 | Risk: 10.0% | Option SL: ₹20.51 | Option Target: ₹48.31 | Premium: ₹31.20 | Delta: -0.4277",2026-07-14T07:31:00+00:00,2026-07-14T07:37:10.654972+00:00
d61e3370-a92c-4f00-997e-783972616df4,222,EXHAUSTION_REVERSAL,BULLISH,MEDIUM,SL_HIT,0,2026-07-14 13:17:00 IST,2026-07-14 13:38:17 IST,21.3,24074.75,24062.75,-12.0,-637.29,24074.75,24062.75,24098.75,24259.800000000003,24050,CE,0.0,3.36,10.0,37.5,29.0028,54.4944,0.7081,2.2499,17206280,38713155,0.32,0.25,CLOSED,Volume climax detected (4.5x average volume) | Candle formed a doji-like indecision pattern at 1:17pm | Option Sizing: 0 lots suggested | Capital: ₹3.36 | Risk: 10.0% | Option SL: ₹29.00 | Option Target: ₹54.49 | Premium: ₹37.50 | Delta: +0.7081,2026-07-14T07:47:00+00:00,2026-07-14T08:08:17.055895+00:00
ebb12d2b-41a4-4481-8ccf-3cf18b745ba7,223,TREND_CONTINUATION,BEARISH,HIGH,SL_HIT,0,2026-07-14 13:43:00 IST,2026-07-14 13:56:21 IST,13.4,24045.25,24070.25,-25.0,-960.28,24045.25,24070.25,24005.25,24000.2,24050,PE,0.0,3.36,10.0,35.45,22.646250000000002,55.93600000000001,-0.51215,1.2929,26325325,34034975,0.41,0.91,CLOSED,"Trend continuation: regime held 14 candles before pullback | Pullback held 4 candle(s), resumed at 24045.25 | Pullback stayed on the trend side of VWAP — shallow retrace | Resumption volume confirms participation (>= 1.3x average) | Sufficient room to the next opposing structural level | Option Sizing: 0 lots suggested | Capital: ₹3.36 | Risk: 10.0% | Option SL: ₹22.65 | Option Target: ₹55.94 | Premium: ₹35.45 | Delta: -0.5121",2026-07-14T08:13:00+00:00,2026-07-14T08:26:21.009552+00:00
e1c9b204-ce52-467c-a25b-4d4f8f555736,224,EXHAUSTION_REVERSAL,BULLISH,MEDIUM,SL_HIT,0,2026-07-15 14:19:00 IST,2026-07-15 14:21:20 IST,2.3,24082.35,24070.35,-12.0,-422.57,24082.35,24070.35,24106.35,24157.100000000002,24150,CE,0.0,155.36,10.0,115.6,109.96575999999999,126.86847999999999,0.46952,0.7728,8457800,6536270,-0.03,1.77,CLOSED,Volume climax detected (6.2x average volume) | Candle formed a doji-like indecision pattern at 2:19pm | Extreme climactic volume spike confirms high selling/buying pressure | Option Sizing: 0 lots suggested | Capital: ₹155.36 | Risk: 10.0% | Option SL: ₹109.97 | Option Target: ₹126.87 | Premium: ₹115.60 | Delta: +0.4695,2026-07-15T08:49:00+00:00,2026-07-15T08:51:20.590410+00:00
2e4aa476-a2fb-4f29-930a-a772cf1292a4,225,TREND_CONTINUATION,BEARISH,MEDIUM,TIME_STOP,0,2026-07-16 10:05:00 IST,2026-07-16 10:50:39 IST,45.7,24123.2,24123.2,0.0,0.0,24123.2,24148.2,24083.2,24010.550000000003,24150,PE,0.0,155.36,10.0,141.2,129.03099999999998,160.6704,-0.48676,1.0542,8090030,8528195,0.13,-0.1,CLOSED,"Trend continuation: regime held 16 candles before pullback | Pullback held 3 candle(s), resumed at 24123.20 | Pullback stayed on the trend side of VWAP — shallow retrace | Sufficient room to the next opposing structural level | Option Sizing: 0 lots suggested | Capital: ₹155.36 | Risk: 10.0% | Option SL: ₹129.03 | Option Target: ₹160.67 | Premium: ₹141.20 | Delta: -0.4868",2026-07-16T04:35:00+00:00,2026-07-16T05:20:39.237963+00:00
996918c2-8611-4cd4-bee2-f987f8dd4f04,226,TREND_CONTINUATION,BULLISH,MEDIUM,TIME_STOP,0,2026-07-16 11:21:00 IST,2026-07-16 12:06:50 IST,45.8,24158.0,24158.0,0.0,0.0,24158.0,24133.0,24198.0,24220.350000000002,24200,CE,0.0,155.36,10.0,111.65,99.3195,131.3788,0.49322,1.3375,6578000,8798335,2.01,-0.14,CLOSED,"Trend continuation: regime held 23 candles before pullback | Pullback held 3 candle(s), resumed at 24158.00 | Pullback stayed on the trend side of VWAP — shallow retrace | Sufficient room to the next opposing structural level | Option Sizing: 0 lots suggested | Capital: ₹155.36 | Risk: 10.0% | Option SL: ₹99.32 | Option Target: ₹131.38 | Premium: ₹111.65 | Delta: +0.4932",2026-07-16T05:51:00+00:00,2026-07-16T06:36:50.386499+00:00
29c2258b-c82a-4cce-8bf4-85837a02e723,227,FAILED_BREAKOUT,BULLISH,HIGH,T2_HIT,2,2026-07-17 09:20:00 IST,2026-07-17 10:13:34 IST,53.6,24192.25,24247.25,55.0,1894.82,24192.25,24177.25,24222.25,24247.25,24250,CE,0.0,53.15,10.0,93.65,86.75975000000001,107.43050000000001,0.45935,0.5801,10887045,6315595,3.37,15.78,CLOSED,Price closed back past level 24186.5 | Breakout candle volume was weak | Option writers did not cover their positions | Option writers actively defended and added positions (>=10.0% OI growth) | Price closed back deeply past level (>=5.0 points) | Option Sizing: 0 lots suggested | Capital: ₹53.15 | Risk: 10.0% | Option SL: ₹86.76 | Option Target: ₹107.43 | Premium: ₹93.65 | Delta: +0.4593,2026-07-17T03:50:00+00:00,2026-07-17T04:43:34.450401+00:00
13692804-36b8-42a8-b004-55c33f31658b,228,EXHAUSTION_REVERSAL,BEARISH,MEDIUM,SL_HIT,0,2026-07-17 14:45:00 IST,2026-07-17 14:56:12 IST,11.2,24319.9,24331.9,-12.0,-447.83,24319.9,24331.9,24295.9,24186.5,24350,PE,0.0,53.15,10.0,155.05,149.07892,166.99216,-0.49759,0.9632,9723285,9365720,0.47,1.42,CLOSED,Volume climax detected (3.7x average volume) | Candle formed a doji-like indecision pattern at 2:45pm | Option Sizing: 0 lots suggested | Capital: ₹53.15 | Risk: 10.0% | Option SL: ₹149.08 | Option Target: ₹166.99 | Premium: ₹155.05 | Delta: -0.4976,2026-07-17T09:15:00+00:00,2026-07-17T09:26:12.048469+00:00
ea7eb79a-7351-4a8a-bd4c-1774b970536c,229,EXHAUSTION_REVERSAL,BEARISH,MEDIUM,SL_HIT,0,2026-07-17 15:21:00 IST,2026-07-17 15:26:22 IST,5.4,24333.25,24345.25,-12.0,-436.7,24333.25,24345.25,24309.25,24186.5,24350,PE,0.0,53.15,10.0,148.45,142.62735999999998,160.09528,-0.48522,0.5565,4662060,2594605,-0.55,-1.63,CLOSED,Volume climax detected (2.9x average volume) | Candle formed a doji-like indecision pattern at 3:21pm | Extreme doji-like body ratio confirms high price indecision | Price is FLAT — market moving under 15 points (last 15-candle range: 14.8 pts) | Option Sizing: 0 lots suggested | Capital: ₹53.15 | Risk: 10.0% | Option SL: ₹142.63 | Option Target: ₹160.10 | Premium: ₹148.45 | Delta: -0.4852,2026-07-17T09:51:00+00:00,2026-07-17T09:56:22.043534+00:00
b3e44f41-d55d-4eaf-90b8-f71a53afc2ce,230,TREND_CONTINUATION,BEARISH,HIGH,SL_HIT,0,2026-07-20 10:00:00 IST,2026-07-20 10:06:42 IST,6.7,24181.4,24206.4,-25.0,-959.27,24181.4,24206.4,24141.4,24099.050000000003,24200,PE,0.0,53.15,10.0,108.45,95.65975,128.9144,-0.51161,0.7975,21635250,17254770,-1.35,2.55,CLOSED,"Trend continuation: regime held 40 candles before pullback | Pullback held 3 candle(s), resumed at 24181.40 | Pullback stayed on the trend side of VWAP — shallow retrace | Regime persisted well beyond the minimum arming window | Sufficient room to the next opposing structural level | Option Sizing: 0 lots suggested | Capital: ₹53.15 | Risk: 10.0% | Option SL: ₹95.66 | Option Target: ₹128.91 | Premium: ₹108.45 | Delta: -0.5116",2026-07-20T04:30:00+00:00,2026-07-20T04:36:42.691434+00:00
0ce7a1f0-32e8-4713-af2e-1f53a8e1dc85,231,TREND_CONTINUATION,BEARISH,MEDIUM,STOPPED_OUT_AT_BE,1,2026-07-20 11:40:00 IST,2026-07-20 13:15:22 IST,95.4,24206.2,24206.2,0.0,0.0,24206.2,24231.2,24166.2,24099.050000000003,24200,PE,0.0,53.15,10.0,93.75,81.89225,112.7224,-0.47431,1.2382,20601360,25509055,0.37,-0.04,CLOSED,"Trend continuation: regime held 17 candles before pullback | Pullback held 3 candle(s), resumed at 24206.20 | Pullback stayed on the trend side of VWAP — shallow retrace | Sufficient room to the next opposing structural level | Option Sizing: 0 lots suggested | Capital: ₹53.15 | Risk: 10.0% | Option SL: ₹81.89 | Option Target: ₹112.72 | Premium: ₹93.75 | Delta: -0.4743",2026-07-20T06:10:00+00:00,2026-07-20T07:45:22.193105+00:00
b5b69a2b-8ac0-4201-bcfd-3a1344b231a7,232,EXHAUSTION_REVERSAL,BULLISH,MEDIUM,STOPPED_OUT_AT_BE,1,2026-07-20 13:15:00 IST,2026-07-21 09:15:18 IST,1200.3,24222.4,24222.4,0.0,0.0,24222.4,24210.4,24246.4,24367.300000000003,24250,CE,0.0,53.15,10.0,67.75,62.17852,78.89296,0.46429,0.8074,22163960,17895735,-13.83,-2.03,CLOSED,Volume climax detected (4.1x average volume) | Candle formed a doji-like indecision pattern at 1:15pm | Extreme climactic volume spike confirms high selling/buying pressure | Extreme doji-like body ratio confirms high price indecision | Option Sizing: 0 lots suggested | Capital: ₹53.15 | Risk: 10.0% | Option SL: ₹62.18 | Option Target: ₹78.89 | Premium: ₹67.75 | Delta: +0.4643,2026-07-20T07:45:00+00:00,2026-07-21T03:45:18.411655+00:00
028272c7-d538-4360-a8c6-ed4f8ce4acff,233,TREND_CONTINUATION,BULLISH,MEDIUM,SL_HIT,0,2026-07-20 14:12:00 IST,2026-07-20 14:37:44 IST,25.7,24256.6,24231.6,-25.0,-1003.63,24256.6,24231.6,24296.6,24367.300000000003,24250,CE,0.0,53.15,10.0,81.1,67.71825,102.51079999999999,0.53527,0.9999,12373270,12371775,-0.16,2.36,CLOSED,"Trend continuation: regime held 16 candles before pullback | Pullback held 3 candle(s), resumed at 24256.60 | Pullback stayed on the trend side of VWAP — shallow retrace | Sufficient room to the next opposing structural level | Option Sizing: 0 lots suggested | Capital: ₹53.15 | Risk: 10.0% | Option SL: ₹67.72 | Option Target: ₹102.51 | Premium: ₹81.10 | Delta: +0.5353",2026-07-20T08:42:00+00:00,2026-07-20T09:07:44.942636+00:00
16dbf326-7702-45fc-968b-0fd728db0f23,234,TREND_CONTINUATION,BEARISH,MEDIUM,TIME_STOP,0,2026-07-20 14:48:00 IST,2026-07-21 09:16:19 IST,1108.3,24239.05,24239.05,0.0,0.0,24239.05,24264.05,24199.05,24099.050000000003,24250,PE,0.0,53.15,10.0,77.2,64.61125,97.34200000000001,-0.50355,0.9113,12759630,11627265,-0.35,-0.2,CLOSED,"Trend continuation: regime held 17 candles before pullback | Pullback held 3 candle(s), resumed at 24239.05 | Pullback stayed on the trend side of VWAP — shallow retrace | Sufficient room to the next opposing structural level | Option Sizing: 0 lots suggested | Capital: ₹53.15 | Risk: 10.0% | Option SL: ₹64.61 | Option Target: ₹97.34 | Premium: ₹77.20 | Delta: -0.5036",2026-07-20T09:18:00+00:00,2026-07-21T03:46:19.692452+00:00
7572a046-8c66-475c-8d9e-96a97a06ed9b,235,TREND_CONTINUATION,BEARISH,MEDIUM,TIME_STOP,0,2026-07-20 15:12:00 IST,2026-07-21 09:15:18 IST,1083.3,24237.45,24237.45,0.0,0.0,24237.45,24262.45,24197.45,24099.050000000003,24250,PE,0.0,53.15,10.0,75.0,62.29675,95.3252,-0.50813,0.8477,11070540,9384830,-0.73,-1.27,CLOSED,"Trend continuation: regime held 16 candles before pullback | Pullback held 4 candle(s), resumed at 24237.45 | Resumption volume confirms participation (>= 1.2x average) | Sufficient room to the next opposing structural level | Option Sizing: 0 lots suggested | Capital: ₹53.15 | Risk: 10.0% | Option SL: ₹62.30 | Option Target: ₹95.33 | Premium: ₹75.00 | Delta: -0.5081",2026-07-20T09:42:00+00:00,2026-07-21T03:45:18.687360+00:00
fd22dd36-29ef-4ca8-b54b-f1057a178619,236,TREND_CONTINUATION,BEARISH,HIGH,SL_HIT,0,2026-07-21 13:25:00 IST,2026-07-21 13:39:22 IST,14.4,24165.45,24190.45,-25.0,-742.37,24165.45,24190.45,24125.45,24085.45,24150,PE,0.0,53.15,10.0,18.15,8.251749999999998,33.9872,-0.39593,0.9827,35758450,35139325,-2.97,3.07,CLOSED,"Trend continuation: regime held 19 candles before pullback | Pullback held 3 candle(s), resumed at 24165.45 | Pullback stayed on the trend side of VWAP — shallow retrace | Resumption volume confirms participation (>= 1.3x average) | Sufficient room to the next opposing structural level | Option Sizing: 0 lots suggested | Capital: ₹53.15 | Risk: 10.0% | Option SL: ₹8.25 | Option Target: ₹33.99 | Premium: ₹18.15 | Delta: -0.3959",2026-07-21T07:55:00+00:00,2026-07-21T08:09:22.935264+00:00
da065d92-4d61-4c50-8b67-b8cf372d9b2e,237,TREND_CONTINUATION,BULLISH,HIGH,TIME_STOP,0,2026-07-21 15:12:00 IST,2026-07-22 09:15:19 IST,1083.3,24186.1,24186.1,0.0,0.0,24186.1,24161.1,24226.1,24266.100000000002,24200,CE,0.0,53.15,10.0,0.4,1.0,3.8139999999999996,0.08535,0.4952,66169285,32767280,-4.09,-3.71,CLOSED,"Trend continuation: regime held 18 candles before pullback | Pullback held 3 candle(s), resumed at 24186.10 | Pullback stayed on the trend side of VWAP — shallow retrace | Resumption volume confirms participation (>= 1.3x average) | Sufficient room to the next opposing structural level | Option Sizing: 0 lots suggested | Capital: ₹53.15 | Risk: 10.0% | Option SL: ₹1.00 | Option Target: ₹3.81 | Premium: ₹0.40 | Delta: +0.0853",2026-07-21T09:42:00+00:00,2026-07-22T03:45:19.001456+00:00
217a449d-f925-4464-83ba-44d4ed5bc699,238,EXHAUSTION_REVERSAL,BEARISH,MEDIUM,SL_HIT,0,2026-07-22 10:03:00 IST,2026-07-22 10:06:28 IST,3.5,24023.25,24035.25,-12.0,-434.21,24023.25,24035.25,23999.25,23983.25,24050,PE,0.0,53.15,10.0,175.25,169.46048,186.82904,-0.48246,0.9835,10991435,10810020,0.51,-0.21,CLOSED,Volume climax detected (2.9x average volume) | Candle formed a doji-like indecision pattern at 10:03am | Extreme doji-like body ratio confirms high price indecision | Option Sizing: 0 lots suggested | Capital: ₹53.15 | Risk: 10.0% | Option SL: ₹169.46 | Option Target: ₹186.83 | Premium: ₹175.25 | Delta: -0.4825,2026-07-22T04:33:00+00:00,2026-07-22T04:36:28.506261+00:00
f69a3f47-fbdf-4002-9d8d-83d353d72ba7,239,EXHAUSTION_REVERSAL,BULLISH,MEDIUM,SL_HIT,0,2026-07-22 10:17:00 IST,2026-07-22 10:23:32 IST,6.5,24022.05,24010.05,-12.0,-415.1,24022.05,24010.05,24046.05,24135.65,24100,CE,0.0,53.15,10.0,116.2,110.66536,127.26928000000001,0.46122,1.0303,11103105,11439870,0.42,-0.87,CLOSED,Volume climax detected (3.6x average volume) | Candle formed a doji-like indecision pattern at 10:17am | Extreme doji-like body ratio confirms high price indecision | Option Sizing: 0 lots suggested | Capital: ₹53.15 | Risk: 10.0% | Option SL: ₹110.67 | Option Target: ₹127.27 | Premium: ₹116.20 | Delta: +0.4612,2026-07-22T04:47:00+00:00,2026-07-22T04:53:32.531653+00:00
38fb00f0-8d4d-4233-9e83-f5ea6580a9b6,240,TREND_CONTINUATION,BEARISH,HIGH,SL_HIT,0,2026-07-22 11:20:00 IST,2026-07-22 11:35:43 IST,15.7,24024.45,24049.45,-25.0,-902.57,24024.45,24049.45,23984.45,23944.45,24050,PE,0.0,53.15,10.0,177.35,165.31574999999998,196.60479999999998,-0.48137,0.8587,14494350,12445745,-0.17,0.34,CLOSED,"Trend continuation: regime held 115 candles before pullback | Pullback held 3 candle(s), resumed at 24024.45 | Pullback stayed on the trend side of VWAP — shallow retrace | Resumption volume confirms participation (>= 1.2x average) | Regime persisted well beyond the minimum arming window | Sufficient room to the next opposing structural level | Option Sizing: 0 lots suggested | Capital: ₹53.15 | Risk: 10.0% | Option SL: ₹165.32 | Option Target: ₹196.60 | Premium: ₹177.35 | Delta: -0.4814",2026-07-22T05:50:00+00:00,2026-07-22T06:05:43.744603+00:00
7675a46e-34aa-4df6-8f41-e8b44ab0589a,241,EXHAUSTION_REVERSAL,BEARISH,MEDIUM,TIME_STOP,0,2026-07-22 14:17:00 IST,2026-07-22 15:02:13 IST,45.2,23985.6,23985.6,0.0,0.0,23985.6,23997.6,23961.6,23945.6,24000,PE,0.0,53.15,10.0,168.95,163.27856,180.29288,-0.47262,0.7578,17712305,13421590,0.19,0.08,CLOSED,Volume climax detected (3.1x average volume) | Candle formed a doji-like indecision pattern at 2:17pm | Option Sizing: 0 lots suggested | Capital: ₹53.15 | Risk: 10.0% | Option SL: ₹163.28 | Option Target: ₹180.29 | Premium: ₹168.95 | Delta: -0.4726,2026-07-22T08:47:00+00:00,2026-07-22T09:32:13.157150+00:00
73c1a0b0-4775-4550-82c1-315c1d3cae09,242,TREND_CONTINUATION,BEARISH,HIGH,T2_HIT,2,2026-07-22 15:21:00 IST,2026-07-23 09:15:18 IST,1074.3,24006.05,23926.05,80.0,2721.72,24006.05,24031.05,23966.05,23926.05,24000,PE,0.0,53.15,10.0,156.8,145.45950000000002,174.94480000000001,-0.45362,0.8816,15296840,13485875,-0.94,-0.33,CLOSED,"Trend continuation: regime held 185 candles before pullback | Pullback held 9 candle(s), resumed at 24006.05 | Resumption volume confirms participation (>= 1.2x average) | Regime persisted well beyond the minimum arming window | Sufficient room to the next opposing structural level | Option Sizing: 0 lots suggested | Capital: ₹53.15 | Risk: 10.0% | Option SL: ₹145.46 | Option Target: ₹174.94 | Premium: ₹156.80 | Delta: -0.4536",2026-07-22T09:51:00+00:00,2026-07-23T03:45:18.816516+00:00
43c790bc-4360-4318-80fb-4eec4dee817e,243,OI_WALL_REJECTION,BULLISH,MEDIUM,STOPPED_OUT_AT_BE,1,2026-07-23 09:19:00 IST,2026-07-23 09:33:24 IST,14.4,23907.7,23907.7,0.0,0.0,23907.7,23895.7,23932.7,23961.4,23950,CE,0.0,53.15,10.0,122.75,116.78036,135.18675,0.49747,1.6851,3383185,5701085,8.56,6.29,CLOSED,Price approached massive OI wall at 23900.0 | Wall size: 53.6L contracts (+6.1% change) | Candle showed clear rejection/bounce | Follow-through candle confirmed the reversal | Price tested wall deeply / pierced the strike | Option Sizing: 0 lots suggested | Capital: ₹53.15 | Risk: 10.0% | Option SL: ₹116.78 | Option Target: ₹135.19 | Premium: ₹122.75 | Delta: +0.4975,2026-07-23T03:49:00+00:00,2026-07-23T04:03:24.237519+00:00
3e254997-4f29-4f7f-b49e-48357b713b6b,244,TREND_CONTINUATION,BULLISH,MEDIUM,TIME_STOP,0,2026-07-23 10:40:00 IST,2026-07-23 11:25:41 IST,45.7,23973.45,23973.45,0.0,0.0,23973.45,23948.45,24013.45,24166.300000000003,24000,CE,0.0,53.15,10.0,123.0,110.135,143.584,0.5146,1.2488,4747210,5928390,-0.39,0.66,CLOSED,"Trend continuation: regime held 16 candles before pullback | Pullback held 3 candle(s), resumed at 23973.45 | Pullback stayed on the trend side of VWAP — shallow retrace | Sufficient room to the next opposing structural level | Option Sizing: 0 lots suggested | Capital: ₹53.15 | Risk: 10.0% | Option SL: ₹110.14 | Option Target: ₹143.58 | Premium: ₹123.00 | Delta: +0.5146",2026-07-23T05:10:00+00:00,2026-07-23T05:55:41.033984+00:00
3e806ae2-ba6f-48f3-831d-2b124cae5569,245,EXHAUSTION_REVERSAL,BEARISH,MEDIUM,T2_HIT,2,2026-07-23 14:35:00 IST,2026-07-23 14:41:09 IST,6.2,23889.4,23849.4,40.0,1410.18,23889.4,23901.4,23865.4,23849.4,23900,PE,0.0,53.15,10.0,128.65,123.00928,139.93144,-0.47006,0.8116,9376770,7610200,-2.84,0.45,CLOSED,Volume climax detected (2.8x average volume) | Candle formed a doji-like indecision pattern at 2:35pm | Extreme doji-like body ratio confirms high price indecision | Option Sizing: 0 lots suggested | Capital: ₹53.15 | Risk: 10.0% | Option SL: ₹123.01 | Option Target: ₹139.93 | Premium: ₹128.65 | Delta: -0.4701,2026-07-23T09:05:00+00:00,2026-07-23T09:11:09.951396+00:00
cf323eab-94db-4fc2-a689-d71e2da00c41,246,EXHAUSTION_REVERSAL,BULLISH,MEDIUM,STOPPED_OUT_AT_BE,1,2026-07-23 14:50:00 IST,2026-07-24 09:15:16 IST,1105.3,23817.3,23817.3,0.0,0.0,23817.3,23805.3,23841.3,23961.4,23850,CE,0.0,53.15,10.0,118.4,112.33916,130.52168,0.50507,1.8722,4217785,7896330,1.28,-2.78,CLOSED,Volume climax detected (3.8x average volume) | Candle formed a doji-like indecision pattern at 2:50pm | Extreme climactic volume spike confirms high selling/buying pressure | Extreme doji-like body ratio confirms high price indecision | Option Sizing: 0 lots suggested | Capital: ₹53.15 | Risk: 10.0% | Option SL: ₹112.34 | Option Target: ₹130.52 | Premium: ₹118.40 | Delta: +0.5051,2026-07-23T09:20:00+00:00,2026-07-24T03:45:16.655896+00:00
06d4a06c-4195-4978-8c6e-649648b7c62c,247,EXHAUSTION_REVERSAL,BULLISH,MEDIUM,STOPPED_OUT_AT_BE,1,2026-07-23 15:07:00 IST,2026-07-24 09:15:16 IST,1088.3,23860.2,23860.2,0.0,0.0,23860.2,23848.2,23884.2,23961.4,23900,CE,0.0,53.15,10.0,109.1,103.17128,120.95743999999999,0.49406,0.9567,4984915,4769180,-0.6,-0.17,CLOSED,Volume climax detected (3.9x average volume) | Candle formed a doji-like indecision pattern at 3:07pm | Extreme climactic volume spike confirms high selling/buying pressure | Option Sizing: 0 lots suggested | Capital: ₹53.15 | Risk: 10.0% | Option SL: ₹103.17 | Option Target: ₹120.96 | Premium: ₹109.10 | Delta: +0.4941,2026-07-23T09:37:00+00:00,2026-07-24T03:45:16.659779+00:00
956eb55a-bb5c-40e7-95a6-88cc27ca436f,248,EXHAUSTION_REVERSAL,BULLISH,MEDIUM,SL_HIT,0,2026-07-23 15:24:00 IST,2026-07-23 15:29:26 IST,5.4,23881.0,23869.0,-12.0,-409.25,23881.0,23869.0,23905.0,23961.4,23950,CE,0.0,53.15,10.0,99.0,93.54336,109.91328,0.45472,0.9012,7553780,6807515,-1.46,-0.25,CLOSED,Volume climax detected (4.5x average volume) | Candle formed a doji-like indecision pattern at 3:24pm | Extreme climactic volume spike confirms high selling/buying pressure | Extreme doji-like body ratio confirms high price indecision | Option Sizing: 0 lots suggested | Capital: ₹53.15 | Risk: 10.0% | Option SL: ₹93.54 | Option Target: ₹109.91 | Premium: ₹99.00 | Delta: +0.4547,2026-07-23T09:54:00+00:00,2026-07-23T09:59:26.872038+00:00
239a53c3-dda2-458a-b9b6-6d68fd44ea11,249,OI_WALL_REJECTION,BEARISH,HIGH,T2_HIT,2,2026-07-24 09:34:00 IST,2026-07-24 09:43:42 IST,9.7,23695.95,23655.95,40.0,1411.26,23695.95,23707.95,23670.95,23655.95,23700,PE,0.0,53.15,10.0,123.95,118.30496000000001,135.7105,-0.47042,1.5937,7324200,11672245,3.42,1.66,CLOSED,Price approached massive OI wall at 23700.0 | Wall size: 70.8L contracts (+11.4% change) | Candle showed clear rejection/bounce | Follow-through candle confirmed the reversal | Massive wall size confirms strong barrier (>1.5x min) | Aggressive active defending by option writers (>1.5x min change) | Price tested wall deeply / pierced the strike | Candle showed heavy overhead supply (long upper wick) | Option Sizing: 0 lots suggested | Capital: ₹53.15 | Risk: 10.0% | Option SL: ₹118.30 | Option Target: ₹135.71 | Premium: ₹123.95 | Delta: -0.4704,2026-07-24T04:04:00+00:00,2026-07-24T04:13:42.799635+00:00
a8a232a5-1ef5-4a58-ac84-96d250bda9c8,250,TREND_CONTINUATION,BEARISH,HIGH,SL_HIT,0,2026-07-24 10:51:00 IST,2026-07-24 11:23:57 IST,33.0,23645.35,23670.35,-25.0,-879.41,23645.35,23670.35,23605.35,23565.35,23650,PE,0.0,53.15,10.0,117.1,105.3745,135.86079999999998,-0.46902,0.7356,7577765,5573945,-0.78,1.52,CLOSED,"Trend continuation: regime held 65 candles before pullback | Pullback held 3 candle(s), resumed at 23645.35 | Pullback stayed on the trend side of VWAP — shallow retrace | Resumption volume confirms participation (>= 1.2x average) | Regime persisted well beyond the minimum arming window | Sufficient room to the next opposing structural level | Option Sizing: 0 lots suggested | Capital: ₹53.15 | Risk: 10.0% | Option SL: ₹105.37 | Option Target: ₹135.86 | Premium: ₹117.10 | Delta: -0.4690",2026-07-24T05:21:00+00:00,2026-07-24T05:53:57.744337+00:00
cf6d404c-ba46-4f26-822b-9c687eec532c,251,EXHAUSTION_REVERSAL,BULLISH,MEDIUM,T2_HIT,2,2026-07-24 12:01:00 IST,2026-07-24 12:56:19 IST,55.3,23690.55,23807.2,116.65,4037.37,23690.55,23678.55,23714.55,23807.2,23750,CE,0.0,53.15,10.0,104.05,98.51223999999999,115.12552,0.46148,1.0104,12083500,12209535,-1.12,1.22,CLOSED,Volume climax detected (5.1x average volume) | Candle formed a doji-like indecision pattern at 12:01pm | Extreme climactic volume spike confirms high selling/buying pressure | Extreme doji-like body ratio confirms high price indecision | Option Sizing: 0 lots suggested | Capital: ₹53.15 | Risk: 10.0% | Option SL: ₹98.51 | Option Target: ₹115.13 | Premium: ₹104.05 | Delta: +0.4615,2026-07-24T06:31:00+00:00,2026-07-24T07:26:19.312825+00:00
71a1a981-38de-41fe-b0c2-06054add9d58,252,EXHAUSTION_REVERSAL,BULLISH,MEDIUM,T2_HIT,2,2026-07-24 12:17:00 IST,2026-07-24 12:56:19 IST,39.3,23709.1,23807.2,98.1,3561.62,23709.1,23697.1,23733.1,23807.2,23750,CE,0.0,53.15,10.0,110.4,104.59104,122.01792,0.48408,1.1104,11832080,13138385,1.15,-0.43,CLOSED,Volume climax detected (4.9x average volume) | Candle formed a doji-like indecision pattern at 12:17pm | Extreme climactic volume spike confirms high selling/buying pressure | Extreme doji-like body ratio confirms high price indecision | Option Sizing: 0 lots suggested | Capital: ₹53.15 | Risk: 10.0% | Option SL: ₹104.59 | Option Target: ₹122.02 | Premium: ₹110.40 | Delta: +0.4841,2026-07-24T06:47:00+00:00,2026-07-24T07:26:19.903726+00:00
3958f468-9184-4fd0-93fb-5a57a4ccbf1c,253,EXHAUSTION_REVERSAL,BULLISH,MEDIUM,SL_HIT,0,2026-07-24 12:32:00 IST,2026-07-24 12:34:12 IST,2.2,23790.95,23778.95,-12.0,-418.11,23790.95,23778.95,23814.95,23990.75,23850,CE,0.0,53.15,10.0,113.85,108.27516,124.99968,0.46457,1.0523,8934120,9401730,3.62,3.3,CLOSED,Volume climax detected (5.4x average volume) | Candle formed a doji-like indecision pattern at 12:32pm | Extreme climactic volume spike confirms high selling/buying pressure | Extreme doji-like body ratio confirms high price indecision | Option Sizing: 0 lots suggested | Capital: ₹53.15 | Risk: 10.0% | Option SL: ₹108.28 | Option Target: ₹125.00 | Premium: ₹113.85 | Delta: +0.4646,2026-07-24T07:02:00+00:00,2026-07-24T07:04:12.146399+00:00
0d0b4fe3-1c16-4f03-b87e-88dbb2b4fac0,254,EXHAUSTION_REVERSAL,BEARISH,MEDIUM,SL_HIT,0,2026-07-24 12:37:00 IST,2026-07-24 12:44:16 IST,7.3,23773.2,23785.2,-12.0,-445.98,23773.2,23785.2,23749.2,23733.2,23800,PE,0.0,53.15,10.0,124.95,119.00364,136.84272,-0.49553,1.8427,3512275,6472115,0.0,0.0,CLOSED,Volume climax detected (6.6x average volume) | Candle formed a doji-like indecision pattern at 12:37pm | Extreme climactic volume spike confirms high selling/buying pressure | Extreme doji-like body ratio confirms high price indecision | Option Sizing: 0 lots suggested | Capital: ₹53.15 | Risk: 10.0% | Option SL: ₹119.00 | Option Target: ₹136.84 | Premium: ₹124.95 | Delta: -0.4955,2026-07-24T07:07:00+00:00,2026-07-24T07:14:16.107583+00:00
97f8f8fe-1748-4749-9d8c-caa0ad208f93,255,EXHAUSTION_REVERSAL,BULLISH,MEDIUM,SL_HIT,0,2026-07-24 12:51:00 IST,2026-07-24 13:03:21 IST,12.4,23802.45,23790.45,-12.0,-429.7,23802.45,23790.45,23826.45,23990.75,23850,CE,0.0,53.15,10.0,114.15,108.42072,125.60856000000001,0.47744,1.147,9641255,11058970,-0.79,0.76,CLOSED,Volume climax detected (4.9x average volume) | Candle formed a doji-like indecision pattern at 12:51pm | Extreme climactic volume spike confirms high selling/buying pressure | Exhaustion occurred at a significant key structural level | Option Sizing: 0 lots suggested | Capital: ₹53.15 | Risk: 10.0% | Option SL: ₹108.42 | Option Target: ₹125.61 | Premium: ₹114.15 | Delta: +0.4774,2026-07-24T07:21:00+00:00,2026-07-24T07:33:21.326691+00:00
13ebcbb0-3e2a-4432-9c1b-688b0fd54999,256,EXHAUSTION_REVERSAL,BULLISH,MEDIUM,SL_HIT,0,2026-07-24 13:25:00 IST,2026-07-24 13:32:27 IST,7.5,23789.95,23777.95,-12.0,-415.04,23789.95,23777.95,23813.95,23990.75,23850,CE,0.0,53.15,10.0,105.75,100.2162,116.8176,0.46115,1.2263,9926215,12172225,-0.88,0.08,CLOSED,Volume climax detected (2.7x average volume) | Candle formed a doji-like indecision pattern at 1:25pm | Option Sizing: 0 lots suggested | Capital: ₹53.15 | Risk: 10.0% | Option SL: ₹100.22 | Option Target: ₹116.82 | Premium: ₹105.75 | Delta: +0.4612,2026-07-24T07:55:00+00:00,2026-07-24T08:02:27.375412+00:00
68033857-3b6b-475a-9ded-fb7102ebf743,257,OI_WALL_REJECTION,BULLISH,MEDIUM,SL_HIT,0,2026-07-27 09:21:00 IST,2026-07-27 09:26:21 IST,5.4,23933.7,23921.7,-12.0,-3969.97,23933.7,23921.7,23958.7,24250.0,23950,CE,9.0,52382.98,10.0,86.75,80.86856,99.003,0.49012,0.4482,9416485,4220775,2.71,2.01,CLOSED,"Price approached massive OI wall at 23900.0 | Wall size: 77.4L contracts (+6.5% change) | Candle showed clear rejection/bounce | Follow-through candle confirmed the reversal | Massive wall size confirms strong barrier (>1.5x min) | Candle showed strong absorption/buying tail (long lower wick) | Option Sizing: 9 lots suggested | Capital: ₹52,382.98 | Risk: 10.0% | Option SL: ₹80.87 | Option Target: ₹99.00 | Premium: ₹86.75 | Delta: +0.4901",2026-07-27T03:51:00+00:00,2026-07-27T03:56:21.926788+00:00
7d557363-6504-498a-8cd6-9d6fa7ff4c9c,258,OI_WALL_REJECTION,BULLISH,MEDIUM,SL_HIT,0,2026-07-27 09:29:00 IST,2026-07-27 09:56:27 IST,27.5,23936.2,23924.2,-12.0,-888.82,23936.2,23924.2,23961.2,23976.2,23950,CE,2.0,15258.6,10.0,80.15,74.22452000000001,92.49475000000001,0.49379,0.5044,11280620,5690295,4.59,1.73,CLOSED,"Price approached massive OI wall at 23900.0 | Wall size: 103.0L contracts (+5.1% change) | Candle showed clear rejection/bounce | Follow-through candle confirmed the reversal | Massive wall size confirms strong barrier (>1.5x min) | Candle showed strong absorption/buying tail (long lower wick) | Option Sizing: 2 lots suggested | Capital: ₹15,258.60 | Risk: 10.0% | Option SL: ₹74.22 | Option Target: ₹92.49 | Premium: ₹80.15 | Delta: +0.4938",2026-07-27T03:59:00+00:00,2026-07-27T04:26:27.525740+00:00
ceeabe80-9d45-40e8-95c1-c03924d0e457,259,TREND_CONTINUATION,BULLISH,HIGH,TIME_STOP,0,2026-07-27 12:13:00 IST,2026-07-27 12:59:07 IST,46.1,23959.3,23959.3,0.0,0.0,23959.3,23934.3,23999.3,24039.3,23950,CE,2.0,22188.36,10.0,82.0,68.43725,103.7004,0.54251,1.1526,13991055,16126370,2.15,-1.64,CLOSED,"Trend continuation: regime held 54 candles before pullback | Pullback held 4 candle(s), resumed at 23959.30 | Pullback stayed on the trend side of VWAP — shallow retrace | Resumption volume confirms participation (>= 1.2x average) | Regime persisted well beyond the minimum arming window | Sufficient room to the next opposing structural level | Option Sizing: 2 lots suggested | Capital: ₹22,188.36 | Risk: 10.0% | Option SL: ₹68.44 | Option Target: ₹103.70 | Premium: ₹82.00 | Delta: +0.5425",2026-07-27T06:43:00+00:00,2026-07-27T07:29:07.995035+00:00
6b9ce672-7b6b-4433-ab3f-dd28a79fb539,260,EXHAUSTION_REVERSAL,BULLISH,MEDIUM,T2_HIT,2,2026-07-27 13:54:00 IST,2026-07-27 14:26:17 IST,32.3,23965.0,24005.0,40.0,1686.36,23965.0,23953.0,23989.0,24005.0,23950,CE,0.0,1349.07,10.0,74.0,67.25456,87.49088,0.56212,1.1135,15194855,16919825,-0.73,-0.18,CLOSED,"Volume climax detected (2.6x average volume) | Candle formed a doji-like indecision pattern at 1:54pm | Option Sizing: 0 lots suggested | Capital: ₹1,349.07 | Risk: 10.0% | Option SL: ₹67.25 | Option Target: ₹87.49 | Premium: ₹74.00 | Delta: +0.5621",2026-07-27T08:24:00+00:00,2026-07-27T08:56:17.904900+00:00
544fdb1b-2910-4457-8ddf-d663c9b0cf5a,261,EXHAUSTION_REVERSAL,BULLISH,MEDIUM,SL_HIT,0,2026-07-27 14:46:00 IST,2026-07-27 14:48:45 IST,2.8,24000.5,23988.5,-12.0,-1413.13,24000.5,23988.5,24024.5,24040.5,24000,CE,3.0,18492.22,10.0,73.95,67.66944000000001,86.51112,0.52338,1.1002,20800130,22885005,0.63,-0.16,CLOSED,"Volume climax detected (3.0x average volume) | Candle formed a doji-like indecision pattern at 2:46pm | Extreme doji-like body ratio confirms high price indecision | Option Sizing: 3 lots suggested | Capital: ₹18,492.22 | Risk: 10.0% | Option SL: ₹67.67 | Option Target: ₹86.51 | Premium: ₹73.95 | Delta: +0.5234",2026-07-27T09:16:00+00:00,2026-07-27T09:18:45.287194+00:00
d7703993-2301-4fec-8844-4d0a460c6e41,262,TREND_CONTINUATION,BULLISH,HIGH,TIME_STOP,0,2026-07-27 14:56:00 IST,2026-07-28 09:15:19 IST,1099.3,23996.25,23996.25,0.0,0.0,23996.25,23971.25,24036.25,24076.25,24000,CE,0.0,191.67,10.0,73.85,61.06349999999999,94.30839999999999,0.51146,1.1205,20347340,22799920,-0.07,-0.86,CLOSED,"Trend continuation: regime held 40 candles before pullback | Pullback held 3 candle(s), resumed at 23996.25 | Pullback stayed on the trend side of VWAP — shallow retrace | Regime persisted well beyond the minimum arming window | Sufficient room to the next opposing structural level | Option Sizing: 0 lots suggested | Capital: ₹191.67 | Risk: 10.0% | Option SL: ₹61.06 | Option Target: ₹94.31 | Premium: ₹73.85 | Delta: +0.5115",2026-07-27T09:26:00+00:00,2026-07-28T03:45:19.106664+00:00
39a04b22-b053-433e-96a2-100717dcd68f,263,EXHAUSTION_REVERSAL,BEARISH,MEDIUM,TIME_STOP,0,2026-07-27 15:11:00 IST,2026-07-28 09:15:19 IST,1084.3,23999.5,23999.5,0.0,0.0,23999.5,24011.5,23975.5,23823.600000000002,24000,PE,4.0,15088.58,10.0,50.6,44.9072,61.985600000000005,-0.4744,1.0706,19204705,20561125,-2.54,-1.04,CLOSED,"Volume climax detected (2.8x average volume) | Candle formed a doji-like indecision pattern at 3:11pm | Extreme doji-like body ratio confirms high price indecision | Option Sizing: 4 lots suggested | Capital: ₹15,088.58 | Risk: 10.0% | Option SL: ₹44.91 | Option Target: ₹61.99 | Premium: ₹50.60 | Delta: -0.4744",2026-07-27T09:41:00+00:00,2026-07-28T03:45:19.602256+00:00
2d36e55c-5b4f-4260-a2db-2d5ef6071d89,264,EXHAUSTION_REVERSAL,BULLISH,MEDIUM,SL_HIT,0,2026-07-28 13:00:00 IST,2026-07-28 13:12:11 IST,12.2,24004.95,23992.95,-12.0,-489.84,24004.95,23992.95,24028.95,24044.95,24000,CE,1.0,5971.62,10.0,27.55,21.01876,40.612480000000005,0.54427,1.4569,35947145,52370695,2.57,-0.45,CLOSED,"Volume climax detected (3.9x average volume) | Candle formed a doji-like indecision pattern at 1:00pm | Extreme doji-like body ratio confirms high price indecision | Exhaustion occurred at a significant key structural level | Option Sizing: 1 lots suggested | Capital: ₹5,971.62 | Risk: 10.0% | Option SL: ₹21.02 | Option Target: ₹40.61 | Premium: ₹27.55 | Delta: +0.5443",2026-07-28T07:30:00+00:00,2026-07-28T07:42:11.331207+00:00
3efa09e8-4fb4-45fc-ad3e-783e313cca2e,265,TREND_CONTINUATION,BULLISH,MEDIUM,T2_HIT,2,2026-07-29 10:01:00 IST,2026-07-29 14:58:06 IST,297.1,24201.1,24281.1,80.0,8885.88,24201.1,24176.1,24241.1,24281.1,24250,CE,3.0,31743.96,10.0,116.6,104.2585,136.3464,0.49366,1.0775,9984195,10757760,1.85,-1.13,CLOSED,"Trend continuation: regime held 37 candles before pullback | Pullback held 6 candle(s), resumed at 24201.10 | Regime persisted well beyond the minimum arming window | Sufficient room to the next opposing structural level | Option Sizing: 3 lots suggested | Capital: ₹31,743.96 | Risk: 10.0% | Option SL: ₹104.26 | Option Target: ₹136.35 | Premium: ₹116.60 | Delta: +0.4937",2026-07-29T04:31:00+00:00,2026-07-29T09:28:06.054658+00:00
913bddc8-bfd8-4885-b46e-077c83ddc8e7,266,EXHAUSTION_REVERSAL,BULLISH,MEDIUM,SL_HIT,0,2026-07-29 10:42:00 IST,2026-07-29 10:48:23 IST,6.4,24234.95,24222.95,-12.0,-1692.4,24234.95,24222.95,24258.95,24274.95,24300,CE,4.0,30091.93,10.0,99.4,93.75868000000001,110.68264,0.47011,0.9497,4020575,3818360,0.41,0.68,CLOSED,"Volume climax detected (2.9x average volume) | Candle formed a doji-like indecision pattern at 10:42am | Option Sizing: 4 lots suggested | Capital: ₹30,091.93 | Risk: 10.0% | Option SL: ₹93.76 | Option Target: ₹110.68 | Premium: ₹99.40 | Delta: +0.4701",2026-07-29T05:12:00+00:00,2026-07-29T05:18:23.247425+00:00
522c4280-f9b9-4699-939a-55841bfad858,267,TREND_CONTINUATION,BULLISH,HIGH,STOPPED_OUT_AT_BE,1,2026-07-29 12:33:00 IST,2026-07-30 09:15:18 IST,1242.3,24225.7,24225.7,0.0,0.0,24225.7,24200.7,24265.7,24305.7,24300,CE,0.0,4175.37,10.0,94.95,83.557,113.1788,0.45572,1.0002,4920565,4921735,-0.06,0.03,CLOSED,"Trend continuation: regime held 127 candles before pullback | Pullback held 5 candle(s), resumed at 24225.70 | Pullback stayed on the trend side of VWAP — shallow retrace | Regime persisted well beyond the minimum arming window | Sufficient room to the next opposing structural level | Price is FLAT — market moving under 15 points (last 15-candle range: 14.8 pts) | Option Sizing: 0 lots suggested | Capital: ₹4,175.37 | Risk: 10.0% | Option SL: ₹83.56 | Option Target: ₹113.18 | Premium: ₹94.95 | Delta: +0.4557",2026-07-29T07:03:00+00:00,2026-07-30T03:45:18.572519+00:00
7703ea5b-92a0-4a31-8059-1a9b1128ef4e,268,EXHAUSTION_REVERSAL,BULLISH,MEDIUM,STOPPED_OUT_AT_BE,1,2026-07-29 13:51:00 IST,2026-07-29 15:15:14 IST,84.2,24248.9,24248.9,0.0,0.0,24248.9,24236.9,24272.9,24288.9,24300,CE,4.0,27737.66,10.0,102.0,96.14124,113.71752000000001,0.48823,1.0483,5062200,5306860,0.62,1.1,CLOSED,"Volume climax detected (2.7x average volume) | Candle formed a doji-like indecision pattern at 1:51pm | Option Sizing: 4 lots suggested | Capital: ₹27,737.66 | Risk: 10.0% | Option SL: ₹96.14 | Option Target: ₹113.72 | Premium: ₹102.00 | Delta: +0.4882",2026-07-29T08:21:00+00:00,2026-07-29T09:45:14.662098+00:00
9de3901d-6c26-4339-ae99-e1ec179127e4,269,EXHAUSTION_REVERSAL,BULLISH,MEDIUM,SL_HIT,0,2026-07-29 15:03:00 IST,2026-07-29 15:06:13 IST,3.2,24271.0,24259.0,-12.0,-1880.57,24271.0,24259.0,24295.0,24311.0,24300,CE,4.0,27453.71,10.0,105.45,99.18144000000001,117.98712,0.52238,1.336,4308850,5756465,1.14,-0.7,CLOSED,"Volume climax detected (3.7x average volume) | Candle formed a doji-like indecision pattern at 3:03pm | Extreme doji-like body ratio confirms high price indecision | Option Sizing: 4 lots suggested | Capital: ₹27,453.71 | Risk: 10.0% | Option SL: ₹99.18 | Option Target: ₹117.99 | Premium: ₹105.45 | Delta: +0.5224",2026-07-29T09:33:00+00:00,2026-07-29T09:36:13.167850+00:00
72b889f1-83ee-44a2-bb87-9cbd04941b92,270,EXHAUSTION_REVERSAL,BULLISH,MEDIUM,SL_HIT,0,2026-07-29 15:16:00 IST,2026-07-29 15:26:18 IST,10.3,24248.4,24236.4,-12.0,-437.94,24248.4,24236.4,24272.4,24288.4,24300,CE,0.0,2788.81,10.0,99.8,93.96079999999999,111.4784,0.4866,1.1941,3761940,4492215,-4.73,-3.96,CLOSED,"Volume climax detected (2.8x average volume) | Candle formed a doji-like indecision pattern at 3:16pm | Extreme doji-like body ratio confirms high price indecision | Option Sizing: 0 lots suggested | Capital: ₹2,788.81 | Risk: 10.0% | Option SL: ₹93.96 | Option Target: ₹111.48 | Premium: ₹99.80 | Delta: +0.4866",2026-07-29T09:46:00+00:00,2026-07-29T09:56:18.060635+00:00
e77f3ba9-0d59-49d0-9c66-712140de7580,271,OI_WALL_REJECTION,BULLISH,MEDIUM,T2_HIT,2,2026-07-30 09:18:00 IST,2026-07-30 09:32:36 IST,14.6,24250.75,24283.550000000003,32.8,4723.99,24250.75,24238.75,24275.75,24283.550000000003,24300,CE,4.0,27298.62,10.0,86.65,80.88904000000001,98.652,0.48008,1.0178,3890705,3959995,4.58,8.19,CLOSED,"Price approached massive OI wall at 24200.0 | Wall size: 103.7L contracts (+8.8% change) | Candle showed clear rejection/bounce | Follow-through candle confirmed the reversal | Massive wall size confirms strong barrier (>1.5x min) | Aggressive active defending by option writers (>1.5x min change) | Option Sizing: 4 lots suggested | Capital: ₹27,298.62 | Risk: 10.0% | Option SL: ₹80.89 | Option Target: ₹98.65 | Premium: ₹86.65 | Delta: +0.4801",2026-07-30T03:48:00+00:00,2026-07-30T04:02:36.945485+00:00
40497087-2abe-47ab-8137-0b9aace5851c,272,FAILED_BREAKOUT,BEARISH,MEDIUM,STOPPED_OUT_AT_BE,1,2026-07-30 09:34:00 IST,2026-07-30 11:16:56 IST,102.9,24273.95,24273.95,0.0,0.0,24273.95,24288.95,24243.95,24136.75,24300,PE,2.0,27142.7,10.0,141.15,133.8645,155.721,-0.4857,1.1999,5331495,6397040,1.47,1.63,CLOSED,"Price closed back past level 24283.550000000003 | Breakout candle volume was weak | Option writers did not cover their positions | Price closed back deeply past level (>=5.0 points) | Option Sizing: 2 lots suggested | Capital: ₹27,142.70 | Risk: 10.0% | Option SL: ₹133.86 | Option Target: ₹155.72 | Premium: ₹141.15 | Delta: -0.4857",2026-07-30T04:04:00+00:00,2026-07-30T05:46:56.650520+00:00
e2d2ed55-c383-4729-b3e3-cad7808cce54,273,FAILED_BREAKOUT,BEARISH,MEDIUM,STOPPED_OUT_AT_BE,1,2026-07-30 09:52:00 IST,2026-07-30 10:52:53 IST,60.9,24269.8,24269.8,0.0,0.0,24269.8,24284.8,24239.8,24136.75,24300,PE,2.0,27184.81,10.0,142.5,135.1368,157.2264,-0.49088,1.1654,6087185,7093775,-0.34,1.22,CLOSED,"Price closed back past level 24283.550000000003 | Breakout candle volume was weak | Price closed back deeply past level (>=5.0 points) | Option Sizing: 2 lots suggested | Capital: ₹27,184.81 | Risk: 10.0% | Option SL: ₹135.14 | Option Target: ₹157.23 | Premium: ₹142.50 | Delta: -0.4909",2026-07-30T04:22:00+00:00,2026-07-30T05:22:53.255871+00:00
9808ecb0-9d52-4c2c-b91c-b8284eecdaf0,274,TREND_CONTINUATION,BEARISH,MEDIUM,SL_HIT,0,2026-07-30 10:40:00 IST,2026-07-30 10:50:52 IST,10.9,24241.75,24266.75,-25.0,-2625.86,24241.75,24266.75,24201.75,24136.75,24250,PE,3.0,27184.81,10.0,132.25,120.5795,150.9228,-0.46682,0.8714,7259785,6326060,0.57,0.99,CLOSED,"Trend continuation: regime held 25 candles before pullback | Pullback held 5 candle(s), resumed at 24241.75 | Pullback stayed on the trend side of VWAP — shallow retrace | Sufficient room to the next opposing structural level | Option Sizing: 3 lots suggested | Capital: ₹27,184.81 | Risk: 10.0% | Option SL: ₹120.58 | Option Target: ₹150.92 | Premium: ₹132.25 | Delta: -0.4668",2026-07-30T05:10:00+00:00,2026-07-30T05:20:52.614102+00:00
272a4f1b-03a5-488b-b29b-9c9f1d041a02,275,FAILED_BREAKOUT,BEARISH,MEDIUM,SL_HIT,0,2026-07-30 13:10:00 IST,2026-07-30 13:39:20 IST,29.3,24278.55,24293.55,-15.0,-539.07,24278.55,24293.55,24248.55,24136.75,24300,PE,0.0,112.63,10.0,122.2,115.01245,136.5751,-0.47917,0.9008,9148555,8240570,0.07,0.44,CLOSED,Price closed back past level 24283.550000000003 | Breakout candle volume was weak | Option writers did not cover their positions | Price closed back deeply past level (>=5.0 points) | Option Sizing: 0 lots suggested | Capital: ₹112.63 | Risk: 10.0% | Option SL: ₹115.01 | Option Target: ₹136.58 | Premium: ₹122.20 | Delta: -0.4792,2026-07-30T07:40:00+00:00,2026-07-30T08:09:20.972484+00:00
48792212-d669-4b5c-ab90-d148a6f28650,276,TREND_CONTINUATION,BULLISH,HIGH,SL_HIT,0,2026-07-30 13:38:00 IST,2026-07-30 14:10:25 IST,32.4,24288.9,24263.9,-25.0,-856.93,24288.9,24263.9,24328.9,24368.9,24350,CE,0.0,1776.5,10.0,78.4,66.97425000000001,96.6812,0.45703,0.7905,9074780,7173725,-0.8,-0.09,CLOSED,"Trend continuation: regime held 16 candles before pullback | Pullback held 6 candle(s), resumed at 24288.90 | Pullback stayed on the trend side of VWAP — shallow retrace | Resumption volume confirms participation (>= 1.2x average) | Sufficient room to the next opposing structural level | Option Sizing: 0 lots suggested | Capital: ₹1,776.50 | Risk: 10.0% | Option SL: ₹66.97 | Option Target: ₹96.68 | Premium: ₹78.40 | Delta: +0.4570",2026-07-30T08:08:00+00:00,2026-07-30T08:40:25.139923+00:00
36e38c46-16a0-4582-9165-1881fac20a70,277,TREND_CONTINUATION,BEARISH,MEDIUM,SL_HIT,0,2026-07-30 14:42:00 IST,2026-07-30 14:49:32 IST,7.5,24251.65,24276.65,-25.0,-2537.77,24251.65,24276.65,24211.65,24136.75,24250,PE,3.0,28084.44,10.0,108.6,97.321,126.6464,-0.45116,1.2706,5693285,7234045,-2.55,0.76,CLOSED,"Trend continuation: regime held 21 candles before pullback | Pullback held 10 candle(s), resumed at 24251.65 | Resumption volume confirms participation (>= 1.2x average) | Sufficient room to the next opposing structural level | Option Sizing: 3 lots suggested | Capital: ₹28,084.44 | Risk: 10.0% | Option SL: ₹97.32 | Option Target: ₹126.65 | Premium: ₹108.60 | Delta: -0.4512",2026-07-30T09:12:00+00:00,2026-07-30T09:19:32.144996+00:00
c516cb02-d752-41aa-9417-575a3cbc2230,278,FAILED_BREAKOUT,BULLISH,HIGH,SL_HIT,0,2026-07-31 09:16:00 IST,2026-07-31 09:29:20 IST,13.3,24357.55,24342.55,-15.0,-534.88,24357.55,24342.55,24387.55,24400.0,24400,CE,0.0,544.95,10.0,80.55,73.41825,94.81349999999999,0.47545,0.6095,4087850,2491385,60.72,96.81,CLOSED,Price closed back past level 24342.95 | IV is dropping rapidly (IV Crush) | Option writers did not cover their positions | Option writers actively defended and added positions (>=10.0% OI growth) | Price closed back deeply past level (>=5.0 points) | Option Sizing: 0 lots suggested | Capital: ₹544.95 | Risk: 10.0% | Option SL: ₹73.42 | Option Target: ₹94.81 | Premium: ₹80.55 | Delta: +0.4754,2026-07-31T03:46:00+00:00,2026-07-31T03:59:20.557602+00:00
c9b7755a-0b4c-4aab-8139-aa08e7f7667e,279,TREND_CONTINUATION,BULLISH,MEDIUM,T2_HIT,2,2026-07-31 10:54:00 IST,2026-08-01 15:22:15 IST,1708.3,24349.75,24429.75,80.0,2773.8,24349.75,24324.75,24389.75,24429.75,24400,CE,0.0,544.95,10.0,69.35,57.7925,87.842,0.4623,0.8222,13864370,11399375,0.43,-0.41,CLOSED,"Trend continuation: regime held 16 candles before pullback | Pullback held 3 candle(s), resumed at 24349.75 | Pullback stayed on the trend side of VWAP — shallow retrace | Sufficient room to the next opposing structural level | Option Sizing: 0 lots suggested | Capital: ₹544.95 | Risk: 10.0% | Option SL: ₹57.79 | Option Target: ₹87.84 | Premium: ₹69.35 | Delta: +0.4623",2026-07-31T05:24:00+00:00,2026-08-01T09:52:15.963253+00:00
9df12289-81cc-4265-80c0-02ca62f50c0e,280,EXHAUSTION_REVERSAL,BULLISH,MEDIUM,SL_HIT,0,2026-07-31 11:26:00 IST,2026-07-31 11:41:40 IST,15.7,24370.5,24358.5,-12.0,-450.51,24370.5,24358.5,24394.5,24410.5,24400,CE,0.0,544.95,10.0,75.4,69.39316000000001,87.41368,0.50057,0.9597,13311090,12774385,-0.22,0.48,CLOSED,Volume climax detected (3.6x average volume) | Candle formed a doji-like indecision pattern at 11:26am | Option Sizing: 0 lots suggested | Capital: ₹544.95 | Risk: 10.0% | Option SL: ₹69.39 | Option Target: ₹87.41 | Premium: ₹75.40 | Delta: +0.5006,2026-07-31T05:56:00+00:00,2026-07-31T06:11:40.419021+00:00
c7192f5a-8d12-4748-8ce2-f08e5341d586,281,TREND_CONTINUATION,BULLISH,MEDIUM,STOPPED_OUT_AT_BE,1,2026-07-31 11:49:00 IST,2026-07-31 14:44:11 IST,175.2,24361.1,24361.1,0.0,0.0,24361.1,24336.1,24401.1,24441.1,24400,CE,0.0,544.95,10.0,73.3,61.229,92.61359999999999,0.48284,1.0873,12885405,14009970,-0.22,0.0,CLOSED,"Trend continuation: regime held 17 candles before pullback | Pullback held 7 candle(s), resumed at 24361.10 | Pullback stayed on the trend side of VWAP — shallow retrace | Sufficient room to the next opposing structural level | Price is FLAT — market moving under 15 points (last 15-candle range: 11.6 pts) | Option Sizing: 0 lots suggested | Capital: ₹544.95 | Risk: 10.0% | Option SL: ₹61.23 | Option Target: ₹92.61 | Premium: ₹73.30 | Delta: +0.4828",2026-07-31T06:19:00+00:00,2026-07-31T09:14:11.593616+00:00
80ab328a-e019-4578-84bd-c7bcf103145c,282,EXHAUSTION_REVERSAL,BULLISH,MEDIUM,SL_HIT,0,2026-07-31 14:16:00 IST,2026-07-31 14:23:06 IST,7.1,24402.65,24390.65,-12.0,-416.63,24402.65,24390.65,24426.65,24442.65,24450,CE,0.0,544.95,10.0,69.95,64.39496,81.06008,0.46292,1.2872,14569490,18754515,-0.55,0.31,CLOSED,Volume climax detected (3.1x average volume) | Candle formed a doji-like indecision pattern at 2:16pm | Option Sizing: 0 lots suggested | Capital: ₹544.95 | Risk: 10.0% | Option SL: ₹64.39 | Option Target: ₹81.06 | Premium: ₹69.95 | Delta: +0.4629,2026-07-31T08:46:00+00:00,2026-07-31T08:53:06.163001+00:00
cd15f853-6ac7-450c-ad24-719c719d021b,283,EXHAUSTION_REVERSAL,BULLISH,MEDIUM,SL_HIT,0,2026-07-31 14:27:00 IST,2026-07-31 14:32:09 IST,5.2,24406.25,24394.25,-12.0,-423.82,24406.25,24394.25,24430.25,24446.25,24450,CE,0.0,544.95,10.0,70.9,65.24908,82.20184,0.47091,1.3486,14549795,19621940,-0.81,0.9,CLOSED,Volume climax detected (3.3x average volume) | Candle formed a doji-like indecision pattern at 2:27pm | Extreme doji-like body ratio confirms high price indecision | Option Sizing: 0 lots suggested | Capital: ₹544.95 | Risk: 10.0% | Option SL: ₹65.25 | Option Target: ₹82.20 | Premium: ₹70.90 | Delta: +0.4709,2026-07-31T08:57:00+00:00,2026-07-31T09:02:09.356290+00:00
2164c6db-f962-43af-849c-246fd5ecb4ff,284,EXHAUSTION_REVERSAL,BEARISH,MEDIUM,SL_HIT,0,2026-07-31 14:48:00 IST,2026-07-31 15:01:15 IST,13.3,24364.0,24376.0,-12.0,-460.03,24364.0,24376.0,24340.0,24187.100000000002,24400,PE,0.0,544.95,10.0,98.2,92.06620000000001,110.4676,-0.51115,1.7487,7988045,13968435,1.25,1.12,CLOSED,Volume climax detected (2.9x average volume) | Candle formed a doji-like indecision pattern at 2:48pm | Option Sizing: 0 lots suggested | Capital: ₹544.95 | Risk: 10.0% | Option SL: ₹92.07 | Option Target: ₹110.47 | Premium: ₹98.20 | Delta: -0.5111,2026-07-31T09:18:00+00:00,2026-07-31T09:31:15.738368+00:00
86b84f84-f405-4b25-88ac-8f62113973d1,285,EXHAUSTION_REVERSAL,BEARISH,MEDIUM,SL_HIT,0,2026-07-31 15:05:00 IST,2026-07-31 15:10:18 IST,5.3,24385.85,24397.85,-12.0,-426.46,24385.85,24397.85,24361.85,24342.95,24400,PE,0.0,544.95,10.0,90.7,85.0138,102.0724,-0.47385,0.833,15455895,12875005,0.01,-1.46,CLOSED,Volume climax detected (3.3x average volume) | Candle formed a doji-like indecision pattern at 3:05pm | Extreme doji-like body ratio confirms high price indecision | Option Sizing: 0 lots suggested | Capital: ₹544.95 | Risk: 10.0% | Option SL: ₹85.01 | Option Target: ₹102.07 | Premium: ₹90.70 | Delta: -0.4738,2026-07-31T09:35:00+00:00,2026-07-31T09:40:18.985526+00:00
39b37ee5-9b04-443b-8df2-6a11db1e2d94,286,EXHAUSTION_REVERSAL,BULLISH,MEDIUM,SL_HIT,0,2026-07-31 15:11:00 IST,2026-07-31 15:17:21 IST,6.4,24395.7,24383.7,-12.0,-500.56,24395.7,24383.7,24419.7,24435.7,24400,CE,0.0,544.95,10.0,80.05,73.37584,93.39832,0.55618,0.8591,14084330,12099295,-2.04,-2.33,CLOSED,Volume climax detected (3.5x average volume) | Candle formed a doji-like indecision pattern at 3:11pm | Extreme doji-like body ratio confirms high price indecision | Option Sizing: 0 lots suggested | Capital: ₹544.95 | Risk: 10.0% | Option SL: ₹73.38 | Option Target: ₹93.40 | Premium: ₹80.05 | Delta: +0.5562,2026-07-31T09:41:00+00:00,2026-07-31T09:47:21.807188+00:00
6f654b43-f668-4d06-9780-60a3e41018c1,287,TREND_CONTINUATION,BULLISH,MEDIUM,STOPPED_OUT_AT_BE,1,2026-08-03 09:54:00 IST,2026-08-03 15:11:29 IST,317.5,24554.55,24554.55,0.0,0.0,24554.55,24529.55,24594.55,24634.55,24550,CE,0.0,544.95,10.0,68.75,55.2395,90.3668,0.54042,1.1126,13786760,15338505,-0.01,0.59,CLOSED,"Trend continuation: regime held 23 candles before pullback | Pullback held 8 candle(s), resumed at 24554.55 | Pullback stayed on the trend side of VWAP — shallow retrace | Sufficient room to the next opposing structural level | Price is FLAT — market moving under 15 points (last 15-candle range: 14.7 pts) | Option Sizing: 0 lots suggested | Capital: ₹544.95 | Risk: 10.0% | Option SL: ₹55.24 | Option Target: ₹90.37 | Premium: ₹68.75 | Delta: +0.5404",2026-08-03T04:24:00+00:00,2026-08-03T09:41:29.512240+00:00
e4c5f449-fff9-4330-8c0d-93c3dd81bfa9,288,EXHAUSTION_REVERSAL,BULLISH,MEDIUM,TIME_STOP,0,2026-08-03 10:45:00 IST,2026-08-03 11:31:41 IST,46.7,24582.45,24582.45,0.0,0.0,24582.45,24570.45,24606.45,24622.45,24600,CE,0.0,544.95,10.0,55.5,49.74816,67.00368,0.47932,0.9078,20390630,18510960,0.35,0.39,CLOSED,Volume climax detected (2.7x average volume) | Candle formed a doji-like indecision pattern at 10:45am | Option Sizing: 0 lots suggested | Capital: ₹544.95 | Risk: 10.0% | Option SL: ₹49.75 | Option Target: ₹67.00 | Premium: ₹55.50 | Delta: +0.4793,2026-08-03T05:15:00+00:00,2026-08-03T06:01:41.307783+00:00
f301b618-4c86-44d1-9c2b-e05c57ac7201,289,EXHAUSTION_REVERSAL,BULLISH,MEDIUM,SL_HIT,0,2026-08-03 12:44:00 IST,2026-08-03 12:47:53 IST,3.9,24594.2,24582.2,-12.0,-460.62,24594.2,24582.2,24618.2,24634.2,24600,CE,0.0,544.95,10.0,55.35,49.2084,67.6332,0.5118,1.129,25166570,28413385,0.2,0.29,CLOSED,Volume climax detected (3.0x average volume) | Candle formed a doji-like indecision pattern at 12:44pm | Option Sizing: 0 lots suggested | Capital: ₹544.95 | Risk: 10.0% | Option SL: ₹49.21 | Option Target: ₹67.63 | Premium: ₹55.35 | Delta: +0.5118,2026-08-03T07:14:00+00:00,2026-08-03T07:17:53.957002+00:00
c3af7f13-4c74-4ad1-b924-c3d7950d1a4b,290,EXHAUSTION_REVERSAL,BEARISH,MEDIUM,SL_HIT,0,2026-08-03 13:09:00 IST,2026-08-03 13:35:01 IST,26.0,24582.65,24594.65,-12.0,-464.74,24582.65,24594.65,24558.65,24429.4,24600,PE,0.0,544.95,10.0,75.15,68.95344,87.54312,-0.51638,0.8102,27068665,21930090,0.27,-2.16,CLOSED,Volume climax detected (3.1x average volume) | Candle formed a doji-like indecision pattern at 1:09pm | Option Sizing: 0 lots suggested | Capital: ₹544.95 | Risk: 10.0% | Option SL: ₹68.95 | Option Target: ₹87.54 | Premium: ₹75.15 | Delta: -0.5164,2026-08-03T07:39:00+00:00,2026-08-03T08:05:01.863648+00:00
a0008f70-944a-42ee-a439-0b7f11b2b90c,291,TREND_CONTINUATION,BULLISH,MEDIUM,TIME_STOP,0,2026-08-03 13:37:00 IST,2026-08-03 14:22:11 IST,45.2,24599.3,24599.3,0.0,0.0,24599.3,24574.3,24639.3,24679.3,24600,CE,0.0,544.95,10.0,54.8,41.6335,75.8664,0.52666,0.8439,26820495,22634170,-0.23,0.02,CLOSED,"Trend continuation: regime held 18 candles before pullback | Pullback held 6 candle(s), resumed at 24599.30 | Pullback stayed on the trend side of VWAP — shallow retrace | Sufficient room to the next opposing structural level | Option Sizing: 0 lots suggested | Capital: ₹544.95 | Risk: 10.0% | Option SL: ₹41.63 | Option Target: ₹75.87 | Premium: ₹54.80 | Delta: +0.5267",2026-08-03T08:07:00+00:00,2026-08-03T08:52:11.753383+00:00
43d78d7a-28c4-401b-997a-5425fda92a52,292,EXHAUSTION_REVERSAL,BULLISH,MEDIUM,SL_HIT,0,2026-08-03 14:05:00 IST,2026-08-03 14:19:10 IST,14.2,24589.9,24577.9,-12.0,-448.84,24589.9,24577.9,24613.9,24629.9,24600,CE,0.0,544.95,10.0,49.6,43.615480000000005,61.56904,0.49871,0.8682,27379300,23770370,-0.16,0.21,CLOSED,Volume climax detected (4.2x average volume) | Candle formed a doji-like indecision pattern at 2:05pm | Extreme climactic volume spike confirms high selling/buying pressure | Extreme doji-like body ratio confirms high price indecision | Price is FLAT — market moving under 15 points (last 15-candle range: 8.4 pts) | Option Sizing: 0 lots suggested | Capital: ₹544.95 | Risk: 10.0% | Option SL: ₹43.62 | Option Target: ₹61.57 | Premium: ₹49.60 | Delta: +0.4987,2026-08-03T08:35:00+00:00,2026-08-03T08:49:10.266222+00:00
48bb9972-3f85-4b8e-be4f-d494a159adf3,293,TREND_CONTINUATION,BULLISH,MEDIUM,SL_HIT,0,2026-08-03 14:27:00 IST,2026-08-03 15:09:27 IST,42.5,24590.45,24565.45,-25.0,-933.82,24590.45,24565.45,24630.45,24670.45,24600,CE,0.0,544.95,10.0,49.2,36.749,69.1216,0.49804,0.8713,27056445,23574070,0.47,0.44,CLOSED,"Trend continuation: regime held 17 candles before pullback | Pullback held 6 candle(s), resumed at 24590.45 | Pullback stayed on the trend side of VWAP — shallow retrace | Sufficient room to the next opposing structural level | Option Sizing: 0 lots suggested | Capital: ₹544.95 | Risk: 10.0% | Option SL: ₹36.75 | Option Target: ₹69.12 | Premium: ₹49.20 | Delta: +0.4980",2026-08-03T08:57:00+00:00,2026-08-03T09:39:27.771583+00:00
5c9f47aa-dc7e-44bf-8771-05d42fdf8d44,294,EXHAUSTION_REVERSAL,BEARISH,MEDIUM,STOPPED_OUT_AT_BE,1,2026-08-03 14:44:00 IST,2026-08-03 15:29:33 IST,45.6,24596.3,24596.3,0.0,0.0,24596.3,24608.3,24572.3,24429.4,24600,PE,0.0,544.95,10.0,65.6,59.762119999999996,77.27575999999999,-0.48649,0.934,25447760,23769330,0.89,0.18,CLOSED,Volume climax detected (3.1x average volume) | Candle formed a doji-like indecision pattern at 2:44pm | Extreme doji-like body ratio confirms high price indecision | Price is FLAT — market moving under 15 points (last 15-candle range: 14.4 pts) | Option Sizing: 0 lots suggested | Capital: ₹544.95 | Risk: 10.0% | Option SL: ₹59.76 | Option Target: ₹77.28 | Premium: ₹65.60 | Delta: -0.4865,2026-08-03T09:14:00+00:00,2026-08-03T09:59:33.447268+00:00
cbc3d248-07cc-4e92-b12a-9d1575b9aa6b,295,EXHAUSTION_REVERSAL,BULLISH,MEDIUM,SL_HIT,0,2026-08-03 15:00:00 IST,2026-08-03 15:05:25 IST,5.4,24594.85,24582.85,-12.0,-460.94,24594.85,24582.85,24618.85,24634.85,24600,CE,0.0,544.95,10.0,48.8,42.65408,61.09184,0.51216,0.9034,24146395,21814845,-0.11,0.08,CLOSED,Volume climax detected (3.5x average volume) | Candle formed a doji-like indecision pattern at 3:00pm | Extreme doji-like body ratio confirms high price indecision | Price is FLAT — market moving under 15 points (last 15-candle range: 12.9 pts) | Option Sizing: 0 lots suggested | Capital: ₹544.95 | Risk: 10.0% | Option SL: ₹42.65 | Option Target: ₹61.09 | Premium: ₹48.80 | Delta: +0.5122,2026-08-03T09:30:00+00:00,2026-08-03T09:35:25.193233+00:00
8b49bc10-bde2-4d63-9f27-b917ec7f9386,296,EXHAUSTION_REVERSAL,BEARISH,MEDIUM,SL_HIT,0,2026-08-03 15:06:00 IST,2026-08-03 15:29:33 IST,23.6,24572.0,24584.0,-12.0,-492.03,24572.0,24584.0,24548.0,24429.4,24600,PE,0.0,544.95,10.0,77.0,70.4396,90.1208,-0.5467,1.8846,9509370,17921085,-0.48,-0.24,CLOSED,Volume climax detected (3.7x average volume) | Candle formed a doji-like indecision pattern at 3:06pm | Extreme doji-like body ratio confirms high price indecision | Option Sizing: 0 lots suggested | Capital: ₹544.95 | Risk: 10.0% | Option SL: ₹70.44 | Option Target: ₹90.12 | Premium: ₹77.00 | Delta: -0.5467,2026-08-03T09:36:00+00:00,2026-08-03T09:59:33.854592+00:00
49f3bba2-fb76-4185-9b67-1a1237906367,297,EXHAUSTION_REVERSAL,BEARISH,MEDIUM,SL_HIT,0,2026-08-03 15:10:00 IST,2026-08-03 15:14:30 IST,4.5,24570.85,24582.85,-12.0,-493.16,24570.85,24582.85,24546.85,24429.4,24600,PE,0.0,544.95,10.0,76.35,69.77459999999999,89.5008,-0.54795,1.7506,9685650,16955510,1.02,-1.41,CLOSED,Volume climax detected (2.6x average volume) | Candle formed a doji-like indecision pattern at 3:10pm | Option Sizing: 0 lots suggested | Capital: ₹544.95 | Risk: 10.0% | Option SL: ₹69.77 | Option Target: ₹89.50 | Premium: ₹76.35 | Delta: -0.5480,2026-08-03T09:40:00+00:00,2026-08-03T09:44:30.251849+00:00
