signal_id,setup_type,direction,confidence,trigger_price,spot_at_signal,stop_loss,target_1,target_2,strike,option_type,timestamp_ist,timestamp_utc,reasons,created_at
156,EXHAUSTION_REVERSAL,BULLISH,MEDIUM,24036.3,24036.3,24015.35,24106.3,24135.5,24050,CE,2026-06-24 13:16:00 IST,2026-06-24T07:46:00+00:00,Volume climax detected (2.8x average volume) | Candle formed a doji-like indecision pattern at 1:16pm | Target 2 set at structural resistance: 24135.50,2026-06-24T07:46:11.691092+00:00
158,EXHAUSTION_REVERSAL,BULLISH,MEDIUM,24042.1,24042.1,23997.8,24112.1,24135.5,24050,CE,2026-06-24 15:00:00 IST,2026-06-24T09:30:00+00:00,Volume climax detected (2.6x average volume) | Candle formed a doji-like indecision pattern at 3:00pm | Target 2 set at structural resistance: 24135.50,2026-06-24T09:30:47.859242+00:00
157,EXHAUSTION_REVERSAL,BULLISH,MEDIUM,24044.9,24044.9,23997.8,24114.9,24135.5,24050,CE,2026-06-24 15:00:00 IST,2026-06-24T09:30:00+00:00,Volume climax detected (2.9x average volume) | Candle formed a doji-like indecision pattern at 3:00pm | Target 2 set at structural resistance: 24135.50,2026-06-24T09:30:39.667647+00:00
159,OI_WALL_REJECTION,BULLISH,HIGH,24120.15,24120.15,24075.0,24155.15,24190.15,24100,CE,2026-06-25 09:18:00 IST,2026-06-25T03:48:00+00:00,Price approached massive OI wall at 24100.0 | Wall size: 46.0L contracts (+6.5% change) | Candle showed clear rejection/bounce | Option writers defended the level (OI did not drop),2026-06-25T03:48:14.579286+00:00
160,EXHAUSTION_REVERSAL,BEARISH,MEDIUM,24202.45,24202.45,24224.2,24090.050000000003,23789.25,24200,PE,2026-06-25 13:52:00 IST,2026-06-25T08:22:00+00:00,Volume climax detected (2.7x average volume) | Candle formed a doji-like indecision pattern at 1:52pm | Target 1 set at structural support: 24090.05 | Target 2 set at structural support: 23789.25,2026-06-25T08:22:46.690735+00:00
161,OI_WALL_REJECTION,BEARISH,HIGH,24139.1,24139.1,24175.0,24104.1,24069.1,24150,PE,2026-06-25 14:14:00 IST,2026-06-25T08:44:00+00:00,Price approached massive OI wall at 24150.0 | Wall size: 41.8L contracts (+6.9% change) | Candle showed clear rejection/bounce | Option writers defended the level (OI did not drop),2026-06-25T08:44:50.429734+00:00
162,FAILED_BREAKOUT,BEARISH,MEDIUM,24087.3,24087.3,24115.050000000003,24017.3,23789.25,24100,PE,2026-06-25 14:48:00 IST,2026-06-25T09:18:00+00:00,Price closed back past level 24090.050000000003 | Option writers did not cover their positions | Target 2 set at structural support: 23789.25,2026-06-25T09:18:57.947529+00:00
163,OI_WALL_REJECTION,BULLISH,HIGH,24076.0,24076.0,24025.0,24111.0,24146.0,24100,CE,2026-06-29 09:42:00 IST,2026-06-29T04:12:00+00:00,"Price approached massive OI wall at 24050.0 | Wall size: 80.8L contracts (+5.2% change) | Candle showed clear rejection/bounce | Option writers defended the level (OI did not drop) | Option Sizing: 0 lots suggested | Capital: ₹9,099.85 | Risk: 10.0% | Option SL: ₹53.69 | Option Target: ₹94.51 | Premium: ₹77.90 | Delta: +0.4747",2026-06-29T04:12:28.385115+00:00
164,OI_WALL_REJECTION,BULLISH,HIGH,24108.9,24108.9,24075.0,24143.9,24178.9,24100,CE,2026-06-29 10:26:00 IST,2026-06-29T04:56:00+00:00,"Price approached massive OI wall at 24100.0 | Wall size: 140.4L contracts (+5.0% change) | Candle showed clear rejection/bounce | Option writers defended the level (OI did not drop) | Option Sizing: 0 lots suggested | Capital: ₹9,099.07 | Risk: 10.0% | Option SL: ₹76.10 | Option Target: ₹112.99 | Premium: ₹94.25 | Delta: +0.5354",2026-06-29T04:56:13.562325+00:00
165,OI_WALL_REJECTION,BEARISH,HIGH,23946.35,23946.35,23975.0,23911.35,23876.35,23950,PE,2026-06-29 12:32:00 IST,2026-06-29T07:02:00+00:00,"Price approached massive OI wall at 23950.0 | Wall size: 45.2L contracts (+5.7% change) | Candle showed clear rejection/bounce | Option writers defended the level (OI did not drop) | Option Sizing: 0 lots suggested | Capital: ₹9,089.91 | Risk: 10.0% | Option SL: ₹75.80 | Option Target: ₹106.90 | Premium: ₹89.80 | Delta: -0.4887",2026-06-29T07:02:33.352609+00:00
166,FAILED_BREAKOUT,BULLISH,MEDIUM,23951.9,23951.9,23925.0,24039.0,24261.600000000002,23950,CE,2026-06-29 12:47:00 IST,2026-06-29T07:17:00+00:00,"Price closed back past level 23950.0 | Option writers did not cover their positions | Target 1 set at structural resistance: 24039.00 | Target 2 set at structural resistance: 24261.60 | Option Sizing: 0 lots suggested | Capital: ₹9,087.57 | Risk: 10.0% | Option SL: ₹81.29 | Option Target: ₹140.66 | Premium: ₹95.30 | Delta: +0.5208",2026-06-29T07:17:36.023029+00:00
171,OI_WALL_REJECTION,BEARISH,MEDIUM,23940.05,23940.05,23965.0,23915.05,23890.05,23950,PE,2026-06-30 09:19:00 IST,2026-06-30T03:49:00+00:00,"Price approached massive OI wall at 23950.0 | Wall size: 105.0L contracts (+15.1% change) | Candle showed clear rejection/bounce | Option writers defended the level (OI did not drop) | Option Sizing: 1 lots suggested | Capital: ₹9,115.94 | Risk: 10.0% | Option SL: ₹51.62 | Option Target: ₹77.31 | Premium: ₹64.45 | Delta: -0.5143",2026-06-30T03:49:19.234597+00:00
172,FAILED_BREAKOUT,BULLISH,MEDIUM,23930.3,23930.3,23909.550000000003,23980.3,24120.0,23950,CE,2026-06-30 12:15:00 IST,2026-06-30T06:45:00+00:00,"Price closed back past level 23924.550000000003 | Option writers did not cover their positions | Price closed back deeply past level (>=5.0 points) | Target 2 set at structural resistance: 24120.00 | Option Sizing: 1 lots suggested | Capital: ₹9,085.91 | Risk: 10.0% | Option SL: ₹27.71 | Option Target: ₹58.71 | Premium: ₹36.80 | Delta: +0.4381",2026-06-30T06:45:49.953501+00:00
173,EXHAUSTION_REVERSAL,BEARISH,MEDIUM,23892.1,23892.1,23914.95,23867.1,23842.1,23900,PE,2026-06-30 14:04:00 IST,2026-06-30T08:34:00+00:00,"Volume climax detected (4.2x average volume) | Candle formed a doji-like indecision pattern at 2:04pm | Option Sizing: 1 lots suggested | Capital: ₹9,063.48 | Risk: 10.0% | Option SL: ₹25.31 | Option Target: ₹50.10 | Premium: ₹37.15 | Delta: -0.5181",2026-06-30T08:34:04.281859+00:00
174,EXHAUSTION_REVERSAL,BEARISH,HIGH,23949.4,23949.4,23975.85,23924.550000000003,23899.4,23950,PE,2026-06-30 14:25:00 IST,2026-06-30T08:55:00+00:00,"Volume climax detected (10.1x average volume) | Candle formed a doji-like indecision pattern at 2:25pm | Extreme climactic volume spike confirms high selling/buying pressure | Extreme doji-like body ratio confirms high price indecision | Target 1 set at structural support: 23924.55 | Option Sizing: 1 lots suggested | Capital: ₹9,063.80 | Risk: 10.0% | Option SL: ₹7.53 | Option Target: ₹33.17 | Premium: ₹20.75 | Delta: -0.5000",2026-06-30T08:55:08.306625+00:00
175,EXHAUSTION_REVERSAL,BULLISH,MEDIUM,23944.95,23944.95,23924.2,23994.95,24120.0,23950,CE,2026-06-30 14:45:00 IST,2026-06-30T09:15:00+00:00,"Volume climax detected (4.1x average volume) | Candle formed a doji-like indecision pattern at 2:45pm | Target 2 set at structural resistance: 24120.00 | Option Sizing: 1 lots suggested | Capital: ₹9,097.02 | Risk: 10.0% | Option SL: ₹10.20 | Option Target: ₹43.78 | Premium: ₹20.05 | Delta: +0.4746",2026-06-30T09:15:13.404441+00:00
176,EXHAUSTION_REVERSAL,BULLISH,HIGH,23835.4,23835.4,23813.55,23924.550000000003,24120.0,23850,CE,2026-06-30 15:06:00 IST,2026-06-30T09:36:00+00:00,"Volume climax detected (6.4x average volume) | Candle formed a doji-like indecision pattern at 3:06pm | Extreme climactic volume spike confirms high selling/buying pressure | Extreme doji-like body ratio confirms high price indecision | Target 1 set at structural resistance: 23924.55 | Target 2 set at structural resistance: 24120.00 | Option Sizing: 1 lots suggested | Capital: ₹9,072.38 | Risk: 10.0% | Option SL: ₹1.00 | Option Target: ₹37.56 | Premium: ₹7.10 | Delta: +0.3417",2026-06-30T09:36:26.816818+00:00
177,EXHAUSTION_REVERSAL,BEARISH,MEDIUM,24001.5,24001.5,24024.25,23931.5,23829.2,24000,PE,2026-07-01 11:13:00 IST,2026-07-01T05:43:00+00:00,"Volume climax detected (2.8x average volume) | Candle formed a doji-like indecision pattern at 11:13am | Extreme doji-like body ratio confirms high price indecision | Target 2 set at structural support: 23829.20 | Option Sizing: 0 lots suggested | Capital: ₹9,477.17 | Risk: 10.0% | Option SL: ₹135.48 | Option Target: ₹177.75 | Premium: ₹145.85 | Delta: -0.4557",2026-07-01T05:43:35.029731+00:00
178,FAILED_BREAKOUT,BEARISH,MEDIUM,24032.25,24032.25,24060.550000000003,23962.25,23829.2,24050,PE,2026-07-01 12:40:00 IST,2026-07-01T07:10:00+00:00,"Price closed back past level 24035.550000000003 | Breakout candle volume was weak | Target 2 set at structural support: 23829.20 | Option Sizing: 0 lots suggested | Capital: ₹9,457.67 | Risk: 10.0% | Option SL: ₹139.31 | Option Target: ₹185.82 | Premium: ₹152.70 | Delta: -0.4731",2026-07-01T07:10:49.795901+00:00
179,EXHAUSTION_REVERSAL,BULLISH,HIGH,24034.7,24034.7,24010.6,24069.7,24104.7,24100,CE,2026-07-01 13:41:00 IST,2026-07-01T08:11:00+00:00,"Volume climax detected (3.6x average volume) | Candle formed a doji-like indecision pattern at 1:41pm | Extreme doji-like body ratio confirms high price indecision | Exhaustion occurred at a significant key structural level | Option Sizing: 1 lots suggested | Capital: ₹9,458.45 | Risk: 10.0% | Option SL: ₹119.06 | Option Target: ₹147.23 | Premium: ₹130.55 | Delta: +0.4766",2026-07-01T08:11:57.457001+00:00
180,EXHAUSTION_REVERSAL,BULLISH,MEDIUM,24036.3,24036.3,24016.0,24071.3,24106.3,24100,CE,2026-07-01 14:22:00 IST,2026-07-01T08:52:00+00:00,"Volume climax detected (2.6x average volume) | Candle formed a doji-like indecision pattern at 2:22pm | Exhaustion occurred at a significant key structural level | Option Sizing: 1 lots suggested | Capital: ₹9,476.00 | Risk: 10.0% | Option SL: ₹120.79 | Option Target: ₹147.25 | Premium: ₹130.50 | Delta: +0.4785",2026-07-01T08:52:03.288908+00:00
181,FAILED_BREAKOUT,BEARISH,MEDIUM,24024.45,24024.45,24060.550000000003,23954.45,23829.2,24050,PE,2026-07-01 15:01:00 IST,2026-07-01T09:31:00+00:00,"Price closed back past level 24035.550000000003 | Price closed back deeply past level (>=5.0 points) | Target 2 set at structural support: 23829.20 | Option Sizing: 0 lots suggested | Capital: ₹9,470.74 | Risk: 10.0% | Option SL: ₹133.85 | Option Target: ₹184.84 | Premium: ₹151.20 | Delta: -0.4806",2026-07-01T09:31:09.586966+00:00
182,EXHAUSTION_REVERSAL,BULLISH,MEDIUM,24000.35,24000.35,23978.95,24035.550000000003,24070.35,24050,CE,2026-07-01 15:18:00 IST,2026-07-01T09:48:00+00:00,"Volume climax detected (2.6x average volume) | Candle formed a doji-like indecision pattern at 3:18pm | Extreme doji-like body ratio confirms high price indecision | Target 1 set at structural resistance: 24035.55 | Option Sizing: 1 lots suggested | Capital: ₹9,465.67 | Risk: 10.0% | Option SL: ₹123.27 | Option Target: ₹151.12 | Premium: ₹133.80 | Delta: +0.4919",2026-07-01T09:48:17.110164+00:00
183,OI_WALL_REJECTION,BEARISH,MEDIUM,24078.6,24078.6,24125.0,24049.9,23895.100000000002,24100,PE,2026-07-02 09:17:00 IST,2026-07-02T03:47:00+00:00,"Price approached massive OI wall at 24100.0 | Wall size: 58.1L contracts (+10.6% change) | Candle showed clear rejection/bounce | Option writers defended the level (OI did not drop) | Aggressive active defending by option writers (>1.5x min change) | Target 1 set at structural support: 24049.90 | Target 2 set at structural support: 23895.10 | Option Sizing: 0 lots suggested | Capital: ₹9,622.70 | Risk: 10.0% | Option SL: ₹108.72 | Option Target: ₹144.86 | Premium: ₹131.05 | Delta: -0.4812",2026-07-02T03:47:21.719719+00:00
184,OI_WALL_REJECTION,BEARISH,HIGH,24085.15,24085.15,24125.0,24049.9,23895.100000000002,24100,PE,2026-07-02 10:16:00 IST,2026-07-02T04:46:00+00:00,"Price approached massive OI wall at 24100.0 | Wall size: 95.6L contracts (+5.3% change) | Candle showed clear rejection/bounce | Option writers defended the level (OI did not drop) | Massive wall size confirms strong barrier (>1.5x min) | Candle showed heavy overhead supply (long upper wick) | Target 1 set at structural support: 24049.90 | Target 2 set at structural support: 23895.10 | Option Sizing: 0 lots suggested | Capital: ₹9,570.39 | Risk: 10.0% | Option SL: ₹105.96 | Option Target: ₹141.37 | Premium: ₹124.75 | Delta: -0.4715",2026-07-02T04:46:30.349289+00:00
185,EXHAUSTION_REVERSAL,BEARISH,MEDIUM,24129.0,24129.0,24150.85,24049.9,23895.100000000002,24150,PE,2026-07-02 13:01:00 IST,2026-07-02T07:31:00+00:00,"Volume climax detected (3.0x average volume) | Candle formed a doji-like indecision pattern at 1:01pm | Target 1 set at structural support: 24049.90 | Target 2 set at structural support: 23895.10 | Option Sizing: 1 lots suggested | Capital: ₹9,637.45 | Risk: 10.0% | Option SL: ₹109.41 | Option Target: ₹157.66 | Premium: ₹119.85 | Delta: -0.4779",2026-07-02T07:31:49.965153+00:00
186,EXHAUSTION_REVERSAL,BEARISH,MEDIUM,24169.4,24169.4,24190.8,24049.9,23895.100000000002,24200,PE,2026-07-02 15:28:00 IST,2026-07-02T09:58:00+00:00,"Volume climax detected (2.5x average volume) | Candle formed a doji-like indecision pattern at 3:28pm | Target 1 set at structural support: 24049.90 | Target 2 set at structural support: 23895.10 | Option Sizing: 1 lots suggested | Capital: ₹9,633.43 | Risk: 10.0% | Option SL: ₹104.42 | Option Target: ₹173.74 | Premium: ₹114.95 | Delta: -0.4920",2026-07-02T09:58:25.806701+00:00
187,FAILED_BREAKOUT,BULLISH,HIGH,24305.3,24305.3,24275.0,24350.0,24400.0,24350,CE,2026-07-03 09:20:00 IST,2026-07-03T03:50:00+00:00,"Price closed back past level 24300.0 | Breakout candle volume was weak | Option writers did not cover their positions | Option writers actively defended and added positions (>=3% OI growth) | Price closed back deeply past level (>=5.0 points) | Target 1 set at structural resistance: 24350.00 | Target 2 set at structural resistance: 24400.00 | Option Sizing: 1 lots suggested | Capital: ₹9,636.35 | Risk: 10.0% | Option SL: ₹75.72 | Option Target: ₹111.81 | Premium: ₹90.30 | Delta: +0.4812",2026-07-03T03:50:26.458484+00:00
188,EXHAUSTION_REVERSAL,BEARISH,MEDIUM,24349.35,24349.35,24371.7,24194.550000000003,24058.800000000003,24350,PE,2026-07-03 11:55:00 IST,2026-07-03T06:25:00+00:00,"Volume climax detected (2.7x average volume) | Candle formed a doji-like indecision pattern at 11:55am | Extreme doji-like body ratio confirms high price indecision | Target 1 set at structural support: 24194.55 | Target 2 set at structural support: 24058.80 | Observation only — exhaustion entries gated by config (exhaustion_alert_only) | Option Sizing: 1 lots suggested | Capital: ₹9,588.89 | Risk: 10.0% | Option SL: ₹81.49 | Option Target: ₹162.05 | Premium: ₹91.65 | Delta: -0.4548",2026-07-03T06:25:48.899393+00:00
189,FAILED_BREAKOUT,BEARISH,HIGH,24344.35,24344.35,24375.0,24252.350000000002,24250.0,24350,PE,2026-07-06 09:23:00 IST,2026-07-06T03:53:00+00:00,"Price closed back past level 24350.0 | Breakout candle volume was weak | Option writers did not cover their positions | Option writers actively defended and added positions (>=3% OI growth) | Price closed back deeply past level (>=5.0 points) | Target 1 set at structural support: 24252.35 | Target 2 set at structural support: 24250.00 | Counter-trend vs VWAP/PDH-PDL regime — observation only (trend_filter_enabled) | Option Sizing: 0 lots suggested | Capital: ₹6,031.40 | Risk: 10.0% | Option SL: ₹62.41 | Option Target: ₹121.99 | Premium: ₹77.30 | Delta: -0.4858",2026-07-06T03:53:19.089472+00:00
190,EXHAUSTION_REVERSAL,BEARISH,MEDIUM,24406.5,24406.5,24410.3,24378.15,24252.350000000002,24400,PE,2026-07-06 10:30:00 IST,2026-07-06T05:00:00+00:00,"Volume climax detected (2.7x average volume) | Candle formed a doji-like indecision pattern at 10:30am | Extreme doji-like body ratio confirms high price indecision | Target 1 set at structural support: 24378.15 | Target 2 set at structural support: 24252.35 | Observation only — exhaustion entries gated by config (exhaustion_alert_only) | Option Sizing: 1 lots suggested | Capital: ₹4,784.08 | Risk: 10.0% | Option SL: ₹70.18 | Option Target: ₹85.17 | Premium: ₹71.95 | Delta: -0.4664",2026-07-06T05:00:44.522277+00:00
191,EXHAUSTION_REVERSAL,BULLISH,MEDIUM,24426.75,24426.75,24425.2,24461.75,24496.75,24450,CE,2026-07-06 12:05:00 IST,2026-07-06T06:35:00+00:00,"Volume climax detected (3.3x average volume) | Candle formed a doji-like indecision pattern at 12:05pm | Extreme doji-like body ratio confirms high price indecision | Observation only — exhaustion entries gated by config (exhaustion_alert_only) | Option Sizing: 1 lots suggested | Capital: ₹4,114.57 | Risk: 10.0% | Option SL: ₹55.28 | Option Target: ₹72.29 | Premium: ₹56.00 | Delta: +0.4653",2026-07-06T06:35:25.964221+00:00
192,EXHAUSTION_REVERSAL,BEARISH,MEDIUM,24426.9,24426.9,24427.85,24378.15,24252.350000000002,24450,PE,2026-07-06 12:09:00 IST,2026-07-06T06:39:00+00:00,"Volume climax detected (7.1x average volume) | Candle formed a doji-like indecision pattern at 12:09pm | Extreme climactic volume spike confirms high selling/buying pressure | Extreme doji-like body ratio confirms high price indecision | Target 1 set at structural support: 24378.15 | Target 2 set at structural support: 24252.35 | Observation only — exhaustion entries gated by config (exhaustion_alert_only) | Option Sizing: 0 lots suggested | Capital: ₹4,114.57 | Risk: 10.0% | Option SL: ₹87.10 | Option Target: ₹113.21 | Premium: ₹87.60 | Delta: -0.5254",2026-07-06T06:39:30.383468+00:00
193,EXHAUSTION_REVERSAL,BULLISH,MEDIUM,24434.35,24434.35,24431.35,24469.35,24504.35,24450,CE,2026-07-06 13:02:00 IST,2026-07-06T07:32:00+00:00,"Volume climax detected (2.8x average volume) | Candle formed a doji-like indecision pattern at 1:02pm | Extreme doji-like body ratio confirms high price indecision | Observation only — exhaustion entries gated by config (exhaustion_alert_only) | Option Sizing: 1 lots suggested | Capital: ₹4,054.52 | Risk: 10.0% | Option SL: ₹54.55 | Option Target: ₹72.86 | Premium: ₹56.00 | Delta: +0.4818",2026-07-06T07:32:42.385403+00:00
194,EXHAUSTION_REVERSAL,BEARISH,MEDIUM,24452.8,24452.8,24453.95,24378.15,24252.350000000002,24450,PE,2026-07-06 13:40:00 IST,2026-07-06T08:10:00+00:00,"Volume climax detected (2.6x average volume) | Candle formed a doji-like indecision pattern at 1:40pm | Extreme doji-like body ratio confirms high price indecision | Target 1 set at structural support: 24378.15 | Target 2 set at structural support: 24252.35 | Observation only — exhaustion entries gated by config (exhaustion_alert_only) | Option Sizing: 0 lots suggested | Capital: ₹4,054.52 | Risk: 10.0% | Option SL: ₹73.25 | Option Target: ₹109.28 | Premium: ₹73.80 | Delta: -0.4753",2026-07-06T08:10:24.535569+00:00
195,EXHAUSTION_REVERSAL,BEARISH,MEDIUM,24440.6,24440.6,24442.95,24378.15,24252.350000000002,24450,PE,2026-07-06 13:44:00 IST,2026-07-06T08:14:00+00:00,"Volume climax detected (3.2x average volume) | Candle formed a doji-like indecision pattern at 1:44pm | Target 1 set at structural support: 24378.15 | Target 2 set at structural support: 24252.35 | Observation only — exhaustion entries gated by config (exhaustion_alert_only) | Option Sizing: 0 lots suggested | Capital: ₹4,054.52 | Risk: 10.0% | Option SL: ₹78.17 | Option Target: ₹110.62 | Premium: ₹79.35 | Delta: -0.5007",2026-07-06T08:14:28.976973+00:00
196,EXHAUSTION_REVERSAL,BULLISH,MEDIUM,24431.0,24431.0,24429.3,24466.0,24501.0,24450,CE,2026-07-06 13:50:00 IST,2026-07-06T08:20:00+00:00,"Volume climax detected (7.2x average volume) | Candle formed a doji-like indecision pattern at 1:50pm | Extreme climactic volume spike confirms high selling/buying pressure | Extreme doji-like body ratio confirms high price indecision | Observation only — exhaustion entries gated by config (exhaustion_alert_only) | Option Sizing: 1 lots suggested | Capital: ₹4,054.52 | Risk: 10.0% | Option SL: ₹53.34 | Option Target: ₹70.82 | Premium: ₹54.15 | Delta: +0.4762",2026-07-06T08:20:36.535276+00:00
197,TREND_CONTINUATION,BULLISH,HIGH,24490.2,24490.2,24471.2,24515.2,24540.2,24500,CE,2026-07-07 10:43:00 IST,2026-07-07T05:13:00+00:00,"Trend continuation: regime held 43 candles before pullback | Pullback held 3 candle(s), resumed at 24490.20 | Pullback stayed on the trend side of VWAP — shallow retrace | Regime persisted well beyond the minimum arming window | Sufficient room to the next opposing structural level | Option Sizing: 0 lots suggested | Capital: ₹180.73 | Risk: 10.0% | Option SL: ₹18.33 | Option Target: ₹38.75 | Premium: ₹27.15 | Delta: +0.4641",2026-07-07T05:13:30.314684+00:00
198,TREND_CONTINUATION,BEARISH,MEDIUM,24253.1,24253.1,24259.45,24218.1,24183.1,24250,PE,2026-07-08 11:55:00 IST,2026-07-08T06:25:00+00:00,"Trend continuation: regime held 16 candles before pullback | Pullback held 3 candle(s), resumed at 24253.10 | Pullback stayed on the trend side of VWAP — shallow retrace | Sufficient room to the next opposing structural level | Option Sizing: 0 lots suggested | Capital: ₹69.78 | Risk: 10.0% | Option SL: ₹143.97 | Option Target: ₹162.73 | Premium: ₹146.85 | Delta: -0.4536",2026-07-08T06:25:39.435222+00:00
199,TREND_CONTINUATION,BULLISH,HIGH,24046.05,24046.05,24029.65,24116.05,24300.0,24100,CE,2026-07-09 10:22:00 IST,2026-07-09T04:52:00+00:00,"Trend continuation: regime held 66 candles before pullback | Pullback held 3 candle(s), resumed at 24046.05 | Pullback stayed on the trend side of VWAP — shallow retrace | Resumption volume confirms participation (>= 1.2x average) | Regime persisted well beyond the minimum arming window | Sufficient room to the next opposing structural level | Target 2 set at structural resistance: 24300.00 | Option Sizing: 0 lots suggested | Capital: ₹31.76 | Risk: 10.0% | Option SL: ₹109.73 | Option Target: ₹151.19 | Premium: ₹117.60 | Delta: +0.4799",2026-07-09T04:52:29.404465+00:00
200,TREND_CONTINUATION,BULLISH,MEDIUM,24051.6,24051.6,24041.35,24121.6,24300.0,24100,CE,2026-07-09 11:49:00 IST,2026-07-09T06:19:00+00:00,"Trend continuation: regime held 22 candles before pullback | Pullback held 3 candle(s), resumed at 24051.60 | Pullback stayed on the trend side of VWAP — shallow retrace | Sufficient room to the next opposing structural level | Target 2 set at structural resistance: 24300.00 | Option Sizing: 0 lots suggested | Capital: ₹31.76 | Risk: 10.0% | Option SL: ₹113.89 | Option Target: ₹152.75 | Premium: ₹118.85 | Delta: +0.4843",2026-07-09T06:19:41.998998+00:00
201,EXHAUSTION_REVERSAL,BEARISH,MEDIUM,24041.85,24041.85,24042.65,23971.85,23805.2,24050,PE,2026-07-09 14:17:00 IST,2026-07-09T08:47:00+00:00,"Volume climax detected (2.5x average volume) | Candle formed a doji-like indecision pattern at 2:17pm | Target 2 set at structural support: 23805.20 | Option Sizing: 0 lots suggested | Capital: ₹1,586.60 | Risk: 10.0% | Option SL: ₹137.72 | Option Target: ₹170.92 | Premium: ₹138.10 | Delta: -0.4688",2026-07-09T08:47:03.252496+00:00
202,EXHAUSTION_REVERSAL,BULLISH,MEDIUM,24035.35,24035.35,24034.75,24105.35,24300.0,24100,CE,2026-07-09 14:18:00 IST,2026-07-09T08:48:00+00:00,"Volume climax detected (3.2x average volume) | Candle formed a doji-like indecision pattern at 2:18pm | Target 2 set at structural resistance: 24300.00 | Option Sizing: 0 lots suggested | Capital: ₹1,586.60 | Risk: 10.0% | Option SL: ₹104.52 | Option Target: ₹137.22 | Premium: ₹104.80 | Delta: +0.4631",2026-07-09T08:48:04.864837+00:00
203,EXHAUSTION_REVERSAL,BULLISH,MEDIUM,24045.45,24045.45,24043.9,24115.45,24300.0,24100,CE,2026-07-09 14:19:00 IST,2026-07-09T08:49:00+00:00,"Volume climax detected (4.6x average volume) | Candle formed a doji-like indecision pattern at 2:19pm | Extreme climactic volume spike confirms high selling/buying pressure | Extreme doji-like body ratio confirms high price indecision | Target 2 set at structural resistance: 24300.00 | Option Sizing: 0 lots suggested | Capital: ₹1,586.60 | Risk: 10.0% | Option SL: ₹105.72 | Option Target: ₹139.61 | Premium: ₹106.45 | Delta: +0.4738",2026-07-09T08:49:06.979542+00:00
204,TREND_CONTINUATION,BEARISH,MEDIUM,23993.5,23993.5,24044.05,23923.5,23805.2,24000,PE,2026-07-09 15:01:00 IST,2026-07-09T09:31:00+00:00,"Trend continuation: regime held 16 candles before pullback | Pullback held 6 candle(s), resumed at 23993.50 | Resumption volume confirms participation (>= 1.2x average) | Sufficient room to the next opposing structural level | Target 2 set at structural support: 23805.20 | Option Sizing: 0 lots suggested | Capital: ₹60.60 | Risk: 10.0% | Option SL: ₹111.23 | Option Target: ₹167.92 | Premium: ₹135.00 | Delta: -0.4703",2026-07-09T09:31:18.448684+00:00
205,EXHAUSTION_REVERSAL,BULLISH,MEDIUM,23945.7,23945.7,23944.95,24015.7,24300.0,24000,CE,2026-07-09 15:16:00 IST,2026-07-09T09:46:00+00:00,"Volume climax detected (2.8x average volume) | Candle formed a doji-like indecision pattern at 3:16pm | Target 2 set at structural resistance: 24300.00 | Option Sizing: 1 lots suggested | Capital: ₹7,657.39 | Risk: 10.0% | Option SL: ₹110.74 | Option Target: ₹144.46 | Premium: ₹111.10 | Delta: +0.4766",2026-07-09T09:46:22.09281+00:00
206,EXHAUSTION_REVERSAL,BULLISH,MEDIUM,23949.25,23949.25,23947.2,24019.25,24300.0,24000,CE,2026-07-09 15:18:00 IST,2026-07-09T09:48:00+00:00,"Volume climax detected (2.8x average volume) | Candle formed a doji-like indecision pattern at 3:18pm | Target 2 set at structural resistance: 24300.00 | Option Sizing: 1 lots suggested | Capital: ₹7,657.39 | Risk: 10.0% | Option SL: ₹110.16 | Option Target: ₹144.88 | Premium: ₹111.15 | Delta: +0.4818",2026-07-09T09:48:23.786062+00:00
207,TREND_CONTINUATION,BULLISH,HIGH,24194.4,24194.4,24169.4,24234.4,24274.4,24250,CE,2026-07-10 12:51:00 IST,2026-07-10T07:21:00+00:00,"Trend continuation: regime held 16 candles before pullback | Pullback held 6 candle(s), resumed at 24194.40 | Pullback stayed on the trend side of VWAP — shallow retrace | Resumption volume confirms participation (>= 1.2x average) | Sufficient room to the next opposing structural level | Option Sizing: 0 lots suggested | Capital: ₹32.86 | Risk: 10.0% | Option SL: ₹70.89 | Option Target: ₹100.81 | Premium: ₹82.40 | Delta: +0.4603",2026-07-10T07:21:48.318832+00:00
208,TREND_CONTINUATION,BULLISH,MEDIUM,24195.2,24195.2,24170.2,24235.2,24275.2,24250,CE,2026-07-10 13:53:00 IST,2026-07-10T08:23:00+00:00,"Trend continuation: regime held 20 candles before pullback | Pullback held 6 candle(s), resumed at 24195.20 | Pullback stayed on the trend side of VWAP — shallow retrace | Sufficient room to the next opposing structural level | Option Sizing: 0 lots suggested | Capital: ₹32.86 | Risk: 10.0% | Option SL: ₹67.54 | Option Target: ₹97.21 | Premium: ₹78.95 | Delta: +0.4565",2026-07-10T08:23:58.649085+00:00
209,EXHAUSTION_REVERSAL,BULLISH,MEDIUM,24198.75,24198.75,24186.75,24222.75,24238.75,24250,CE,2026-07-10 15:00:00 IST,2026-07-10T09:30:00+00:00,Volume climax detected (4.9x average volume) | Candle formed a doji-like indecision pattern at 3:00pm | Extreme climactic volume spike confirms high selling/buying pressure | Extreme doji-like body ratio confirms high price indecision | Option Sizing: 0 lots suggested | Capital: ₹32.86 | Risk: 10.0% | Option SL: ₹69.79 | Option Target: ₹86.33 | Premium: ₹75.30 | Delta: +0.4594,2026-07-10T09:30:09.57176+00:00
210,EXHAUSTION_REVERSAL,BULLISH,MEDIUM,24201.4,24201.4,24189.4,24225.4,24241.4,24250,CE,2026-07-10 15:18:00 IST,2026-07-10T09:48:00+00:00,Volume climax detected (3.1x average volume) | Candle formed a doji-like indecision pattern at 3:18pm | Option Sizing: 0 lots suggested | Capital: ₹32.86 | Risk: 10.0% | Option SL: ₹66.87 | Option Target: ₹83.46 | Premium: ₹72.40 | Delta: +0.4608,2026-07-10T09:48:12.849324+00:00
211,FAILED_BREAKOUT,BEARISH,MEDIUM,24118.85,24118.85,24133.85,24088.85,24063.85,24100,PE,2026-07-13 10:01:00 IST,2026-07-13T04:31:00+00:00,Price closed back past level 24120.350000000002 | Breakout candle volume was weak | IV is dropping rapidly (IV Crush) | Option writers did not cover their positions | Option Sizing: 0 lots suggested | Capital: ₹3.36 | Risk: 10.0% | Option SL: ₹90.26 | Option Target: ₹110.79 | Premium: ₹97.10 | Delta: -0.4563,2026-07-13T04:31:47.889032+00:00
212,FAILED_BREAKOUT,BEARISH,MEDIUM,24113.1,24113.1,24128.1,24083.1,24058.1,24100,PE,2026-07-13 10:23:00 IST,2026-07-13T04:53:00+00:00,Price closed back past level 24120.350000000002 | IV is dropping rapidly (IV Crush) | Price closed back deeply past level (>=5.0 points) | Option Sizing: 0 lots suggested | Capital: ₹3.36 | Risk: 10.0% | Option SL: ₹90.93 | Option Target: ₹111.84 | Premium: ₹97.90 | Delta: -0.4647,2026-07-13T04:53:56.060186+00:00
213,TREND_CONTINUATION,BULLISH,MEDIUM,24146.7,24146.7,24121.7,24186.7,24228.45,24150,CE,2026-07-13 11:25:00 IST,2026-07-13T05:55:00+00:00,"Trend continuation: regime held 16 candles before pullback | Pullback held 7 candle(s), resumed at 24146.70 | Pullback stayed on the trend side of VWAP — shallow retrace | Sufficient room to the next opposing structural level | Option Sizing: 0 lots suggested | Capital: ₹3.36 | Risk: 10.0% | Option SL: ₹66.81 | Option Target: ₹100.20 | Premium: ₹79.65 | Delta: +0.5136",2026-07-13T05:55:01.984268+00:00
214,EXHAUSTION_REVERSAL,BULLISH,MEDIUM,24145.25,24145.25,24133.25,24169.25,24228.45,24150,CE,2026-07-13 11:54:00 IST,2026-07-13T06:24:00+00:00,Volume climax detected (10.7x average volume) | Candle formed a doji-like indecision pattern at 11:54am | Extreme climactic volume spike confirms high selling/buying pressure | Option Sizing: 0 lots suggested | Capital: ₹3.36 | Risk: 10.0% | Option SL: ₹75.22 | Option Target: ₹93.62 | Premium: ₹81.35 | Delta: +0.5111,2026-07-13T06:24:07.804597+00:00
215,EXHAUSTION_REVERSAL,BEARISH,MEDIUM,24187.65,24187.65,24199.65,24163.65,24120.350000000002,24200,PE,2026-07-13 12:21:00 IST,2026-07-13T06:51:00+00:00,Volume climax detected (4.0x average volume) | Candle formed a doji-like indecision pattern at 12:21pm | Extreme climactic volume spike confirms high selling/buying pressure | Extreme doji-like body ratio confirms high price indecision | Option Sizing: 0 lots suggested | Capital: ₹3.36 | Risk: 10.0% | Option SL: ₹98.71 | Option Target: ₹116.84 | Premium: ₹104.75 | Delta: -0.5037,2026-07-13T06:51:13.728097+00:00
216,TREND_CONTINUATION,BULLISH,MEDIUM,24225.0,24225.0,24200.0,24265.0,24305.0,24250,CE,2026-07-13 14:21:00 IST,2026-07-13T08:51:00+00:00,"Trend continuation: regime held 48 candles before pullback | Pullback held 3 candle(s), resumed at 24225.00 | Pullback stayed on the trend side of VWAP — shallow retrace | Regime persisted well beyond the minimum arming window | Option Sizing: 0 lots suggested | Capital: ₹3.36 | Risk: 10.0% | Option SL: ₹58.10 | Option Target: ₹88.51 | Premium: ₹69.80 | Delta: +0.4678",2026-07-13T08:51:32.358642+00:00
217,FAILED_BREAKOUT,BEARISH,HIGH,24219.5,24219.5,24234.5,24189.5,24120.350000000002,24200,PE,2026-07-13 14:37:00 IST,2026-07-13T09:07:00+00:00,Price closed back past level 24228.45 | Breakout candle volume was weak | IV is dropping rapidly (IV Crush) | Option writers did not cover their positions | Price closed back deeply past level (>=5.0 points) | Option Sizing: 0 lots suggested | Capital: ₹3.36 | Risk: 10.0% | Option SL: ₹73.84 | Option Target: ₹94.13 | Premium: ₹80.60 | Delta: -0.4509,2026-07-13T09:07:30.156952+00:00
218,TREND_CONTINUATION,BEARISH,MEDIUM,24203.75,24203.75,24228.75,24163.75,24120.350000000002,24200,PE,2026-07-13 15:27:00 IST,2026-07-13T09:57:00+00:00,"Trend continuation: regime held 25 candles before pullback | Pullback held 3 candle(s), resumed at 24203.75 | Pullback stayed on the trend side of VWAP — shallow retrace | Sufficient room to the next opposing structural level | Option Sizing: 0 lots suggested | Capital: ₹3.36 | Risk: 10.0% | Option SL: ₹62.43 | Option Target: ₹93.30 | Premium: ₹74.30 | Delta: -0.4750",2026-07-13T09:57:38.92435+00:00
219,TREND_CONTINUATION,BEARISH,HIGH,24080.6,24080.6,24105.6,24040.6,24000.2,24100,PE,2026-07-14 10:08:00 IST,2026-07-14T04:38:00+00:00,"Trend continuation: regime held 21 candles before pullback | Pullback held 4 candle(s), resumed at 24080.60 | Pullback stayed on the trend side of VWAP — shallow retrace | Regime persisted well beyond the minimum arming window | Sufficient room to the next opposing structural level | Option Sizing: 0 lots suggested | Capital: ₹3.36 | Risk: 10.0% | Option SL: ₹52.41 | Option Target: ₹87.74 | Premium: ₹66.00 | Delta: -0.5436",2026-07-14T04:38:27.885185+00:00
220,EXHAUSTION_REVERSAL,BULLISH,MEDIUM,24131.2,24131.2,24119.2,24155.2,24259.800000000003,24150,CE,2026-07-14 11:19:00 IST,2026-07-14T05:49:00+00:00,Volume climax detected (3.6x average volume) | Candle formed a doji-like indecision pattern at 11:19am | Option Sizing: 0 lots suggested | Capital: ₹3.36 | Risk: 10.0% | Option SL: ₹25.59 | Option Target: ₹41.22 | Premium: ₹30.80 | Delta: +0.4343,2026-07-14T05:49:39.491657+00:00
221,TREND_CONTINUATION,BEARISH,HIGH,24065.7,24065.7,24090.7,24025.7,24000.2,24050,PE,2026-07-14 13:01:00 IST,2026-07-14T07:31:00+00:00,"Trend continuation: regime held 52 candles before pullback | Pullback held 5 candle(s), resumed at 24065.70 | Pullback stayed on the trend side of VWAP — shallow retrace | Regime persisted well beyond the minimum arming window | Sufficient room to the next opposing structural level | Option Sizing: 0 lots suggested | Capital: ₹3.36 | Risk: 10.0% | Option SL: ₹20.51 | Option Target: ₹48.31 | Premium: ₹31.20 | Delta: -0.4277",2026-07-14T07:31:08.62372+00:00
222,EXHAUSTION_REVERSAL,BULLISH,MEDIUM,24074.75,24074.75,24062.75,24098.75,24259.800000000003,24050,CE,2026-07-14 13:17:00 IST,2026-07-14T07:47:00+00:00,Volume climax detected (4.5x average volume) | Candle formed a doji-like indecision pattern at 1:17pm | Option Sizing: 0 lots suggested | Capital: ₹3.36 | Risk: 10.0% | Option SL: ₹29.00 | Option Target: ₹54.49 | Premium: ₹37.50 | Delta: +0.7081,2026-07-14T07:47:12.644059+00:00
223,TREND_CONTINUATION,BEARISH,HIGH,24045.25,24045.25,24070.25,24005.25,24000.2,24050,PE,2026-07-14 13:43:00 IST,2026-07-14T08:13:00+00:00,"Trend continuation: regime held 14 candles before pullback | Pullback held 4 candle(s), resumed at 24045.25 | Pullback stayed on the trend side of VWAP — shallow retrace | Resumption volume confirms participation (>= 1.3x average) | Sufficient room to the next opposing structural level | Option Sizing: 0 lots suggested | Capital: ₹3.36 | Risk: 10.0% | Option SL: ₹22.65 | Option Target: ₹55.94 | Premium: ₹35.45 | Delta: -0.5121",2026-07-14T08:13:18.161444+00:00
224,EXHAUSTION_REVERSAL,BULLISH,MEDIUM,24082.35,24082.35,24070.35,24106.35,24157.100000000002,24150,CE,2026-07-15 14:19:00 IST,2026-07-15T08:49:00+00:00,Volume climax detected (6.2x average volume) | Candle formed a doji-like indecision pattern at 2:19pm | Extreme climactic volume spike confirms high selling/buying pressure | Option Sizing: 0 lots suggested | Capital: ₹155.36 | Risk: 10.0% | Option SL: ₹109.97 | Option Target: ₹126.87 | Premium: ₹115.60 | Delta: +0.4695,2026-07-15T08:49:17.484567+00:00
225,TREND_CONTINUATION,BEARISH,MEDIUM,24123.2,24123.2,24148.2,24083.2,24010.550000000003,24150,PE,2026-07-16 10:05:00 IST,2026-07-16T04:35:00+00:00,"Trend continuation: regime held 16 candles before pullback | Pullback held 3 candle(s), resumed at 24123.20 | Pullback stayed on the trend side of VWAP — shallow retrace | Sufficient room to the next opposing structural level | Option Sizing: 0 lots suggested | Capital: ₹155.36 | Risk: 10.0% | Option SL: ₹129.03 | Option Target: ₹160.67 | Premium: ₹141.20 | Delta: -0.4868",2026-07-16T04:35:32.588846+00:00
226,TREND_CONTINUATION,BULLISH,MEDIUM,24158.0,24158.0,24133.0,24198.0,24220.350000000002,24200,CE,2026-07-16 11:21:00 IST,2026-07-16T05:51:00+00:00,"Trend continuation: regime held 23 candles before pullback | Pullback held 3 candle(s), resumed at 24158.00 | Pullback stayed on the trend side of VWAP — shallow retrace | Sufficient room to the next opposing structural level | Option Sizing: 0 lots suggested | Capital: ₹155.36 | Risk: 10.0% | Option SL: ₹99.32 | Option Target: ₹131.38 | Premium: ₹111.65 | Delta: +0.4932",2026-07-16T05:51:43.833362+00:00
227,FAILED_BREAKOUT,BULLISH,HIGH,24192.25,24192.25,24177.25,24222.25,24247.25,24250,CE,2026-07-17 09:20:00 IST,2026-07-17T03:50:00+00:00,Price closed back past level 24186.5 | Breakout candle volume was weak | Option writers did not cover their positions | Option writers actively defended and added positions (>=10.0% OI growth) | Price closed back deeply past level (>=5.0 points) | Option Sizing: 0 lots suggested | Capital: ₹53.15 | Risk: 10.0% | Option SL: ₹86.76 | Option Target: ₹107.43 | Premium: ₹93.65 | Delta: +0.4593,2026-07-17T03:50:26.357577+00:00
228,EXHAUSTION_REVERSAL,BEARISH,MEDIUM,24319.9,24319.9,24331.9,24295.9,24186.5,24350,PE,2026-07-17 14:45:00 IST,2026-07-17T09:15:00+00:00,Volume climax detected (3.7x average volume) | Candle formed a doji-like indecision pattern at 2:45pm | Option Sizing: 0 lots suggested | Capital: ₹53.15 | Risk: 10.0% | Option SL: ₹149.08 | Option Target: ₹166.99 | Premium: ₹155.05 | Delta: -0.4976,2026-07-17T09:15:09.697223+00:00
229,EXHAUSTION_REVERSAL,BEARISH,MEDIUM,24333.25,24333.25,24345.25,24309.25,24186.5,24350,PE,2026-07-17 15:21:00 IST,2026-07-17T09:51:00+00:00,Volume climax detected (2.9x average volume) | Candle formed a doji-like indecision pattern at 3:21pm | Extreme doji-like body ratio confirms high price indecision | Price is FLAT — market moving under 15 points (last 15-candle range: 14.8 pts) | Option Sizing: 0 lots suggested | Capital: ₹53.15 | Risk: 10.0% | Option SL: ₹142.63 | Option Target: ₹160.10 | Premium: ₹148.45 | Delta: -0.4852,2026-07-17T09:51:20.611934+00:00
230,TREND_CONTINUATION,BEARISH,HIGH,24181.4,24181.4,24206.4,24141.4,24099.050000000003,24200,PE,2026-07-20 10:00:00 IST,2026-07-20T04:30:00+00:00,"Trend continuation: regime held 40 candles before pullback | Pullback held 3 candle(s), resumed at 24181.40 | Pullback stayed on the trend side of VWAP — shallow retrace | Regime persisted well beyond the minimum arming window | Sufficient room to the next opposing structural level | Option Sizing: 0 lots suggested | Capital: ₹53.15 | Risk: 10.0% | Option SL: ₹95.66 | Option Target: ₹128.91 | Premium: ₹108.45 | Delta: -0.5116",2026-07-20T04:30:31.590317+00:00
231,TREND_CONTINUATION,BEARISH,MEDIUM,24206.2,24206.2,24231.2,24166.2,24099.050000000003,24200,PE,2026-07-20 11:40:00 IST,2026-07-20T06:10:00+00:00,"Trend continuation: regime held 17 candles before pullback | Pullback held 3 candle(s), resumed at 24206.20 | Pullback stayed on the trend side of VWAP — shallow retrace | Sufficient room to the next opposing structural level | Option Sizing: 0 lots suggested | Capital: ₹53.15 | Risk: 10.0% | Option SL: ₹81.89 | Option Target: ₹112.72 | Premium: ₹93.75 | Delta: -0.4743",2026-07-20T06:10:54.973058+00:00
232,EXHAUSTION_REVERSAL,BULLISH,MEDIUM,24222.4,24222.4,24210.4,24246.4,24367.300000000003,24250,CE,2026-07-20 13:15:00 IST,2026-07-20T07:45:00+00:00,Volume climax detected (4.1x average volume) | Candle formed a doji-like indecision pattern at 1:15pm | Extreme climactic volume spike confirms high selling/buying pressure | Extreme doji-like body ratio confirms high price indecision | Option Sizing: 0 lots suggested | Capital: ₹53.15 | Risk: 10.0% | Option SL: ₹62.18 | Option Target: ₹78.89 | Premium: ₹67.75 | Delta: +0.4643,2026-07-20T07:45:21.396824+00:00
233,TREND_CONTINUATION,BULLISH,MEDIUM,24256.6,24256.6,24231.6,24296.6,24367.300000000003,24250,CE,2026-07-20 14:12:00 IST,2026-07-20T08:42:00+00:00,"Trend continuation: regime held 16 candles before pullback | Pullback held 3 candle(s), resumed at 24256.60 | Pullback stayed on the trend side of VWAP — shallow retrace | Sufficient room to the next opposing structural level | Option Sizing: 0 lots suggested | Capital: ₹53.15 | Risk: 10.0% | Option SL: ₹67.72 | Option Target: ₹102.51 | Premium: ₹81.10 | Delta: +0.5353",2026-07-20T08:42:24.564515+00:00
234,TREND_CONTINUATION,BEARISH,MEDIUM,24239.05,24239.05,24264.05,24199.05,24099.050000000003,24250,PE,2026-07-20 14:48:00 IST,2026-07-20T09:18:00+00:00,"Trend continuation: regime held 17 candles before pullback | Pullback held 3 candle(s), resumed at 24239.05 | Pullback stayed on the trend side of VWAP — shallow retrace | Sufficient room to the next opposing structural level | Option Sizing: 0 lots suggested | Capital: ₹53.15 | Risk: 10.0% | Option SL: ₹64.61 | Option Target: ₹97.34 | Premium: ₹77.20 | Delta: -0.5036",2026-07-20T09:18:46.783758+00:00
235,TREND_CONTINUATION,BEARISH,MEDIUM,24237.45,24237.45,24262.45,24197.45,24099.050000000003,24250,PE,2026-07-20 15:12:00 IST,2026-07-20T09:42:00+00:00,"Trend continuation: regime held 16 candles before pullback | Pullback held 4 candle(s), resumed at 24237.45 | Resumption volume confirms participation (>= 1.2x average) | Sufficient room to the next opposing structural level | Option Sizing: 0 lots suggested | Capital: ₹53.15 | Risk: 10.0% | Option SL: ₹62.30 | Option Target: ₹95.33 | Premium: ₹75.00 | Delta: -0.5081",2026-07-20T09:42:50.203041+00:00
236,TREND_CONTINUATION,BEARISH,HIGH,24165.45,24165.45,24190.45,24125.45,24085.45,24150,PE,2026-07-21 13:25:00 IST,2026-07-21T07:55:00+00:00,"Trend continuation: regime held 19 candles before pullback | Pullback held 3 candle(s), resumed at 24165.45 | Pullback stayed on the trend side of VWAP — shallow retrace | Resumption volume confirms participation (>= 1.3x average) | Sufficient room to the next opposing structural level | Option Sizing: 0 lots suggested | Capital: ₹53.15 | Risk: 10.0% | Option SL: ₹8.25 | Option Target: ₹33.99 | Premium: ₹18.15 | Delta: -0.3959",2026-07-21T07:55:19.813601+00:00
237,TREND_CONTINUATION,BULLISH,HIGH,24186.1,24186.1,24161.1,24226.1,24266.100000000002,24200,CE,2026-07-21 15:12:00 IST,2026-07-21T09:42:00+00:00,"Trend continuation: regime held 18 candles before pullback | Pullback held 3 candle(s), resumed at 24186.10 | Pullback stayed on the trend side of VWAP — shallow retrace | Resumption volume confirms participation (>= 1.3x average) | Sufficient room to the next opposing structural level | Option Sizing: 0 lots suggested | Capital: ₹53.15 | Risk: 10.0% | Option SL: ₹1.00 | Option Target: ₹3.81 | Premium: ₹0.40 | Delta: +0.0853",2026-07-21T09:42:42.106928+00:00
238,EXHAUSTION_REVERSAL,BEARISH,MEDIUM,24023.25,24023.25,24035.25,23999.25,23983.25,24050,PE,2026-07-22 10:03:00 IST,2026-07-22T04:33:00+00:00,Volume climax detected (2.9x average volume) | Candle formed a doji-like indecision pattern at 10:03am | Extreme doji-like body ratio confirms high price indecision | Option Sizing: 0 lots suggested | Capital: ₹53.15 | Risk: 10.0% | Option SL: ₹169.46 | Option Target: ₹186.83 | Premium: ₹175.25 | Delta: -0.4825,2026-07-22T04:33:27.085298+00:00
239,EXHAUSTION_REVERSAL,BULLISH,MEDIUM,24022.05,24022.05,24010.05,24046.05,24135.65,24100,CE,2026-07-22 10:17:00 IST,2026-07-22T04:47:00+00:00,Volume climax detected (3.6x average volume) | Candle formed a doji-like indecision pattern at 10:17am | Extreme doji-like body ratio confirms high price indecision | Option Sizing: 0 lots suggested | Capital: ₹53.15 | Risk: 10.0% | Option SL: ₹110.67 | Option Target: ₹127.27 | Premium: ₹116.20 | Delta: +0.4612,2026-07-22T04:47:30.303588+00:00
240,TREND_CONTINUATION,BEARISH,HIGH,24024.45,24024.45,24049.45,23984.45,23944.45,24050,PE,2026-07-22 11:20:00 IST,2026-07-22T05:50:00+00:00,"Trend continuation: regime held 115 candles before pullback | Pullback held 3 candle(s), resumed at 24024.45 | Pullback stayed on the trend side of VWAP — shallow retrace | Resumption volume confirms participation (>= 1.2x average) | Regime persisted well beyond the minimum arming window | Sufficient room to the next opposing structural level | Option Sizing: 0 lots suggested | Capital: ₹53.15 | Risk: 10.0% | Option SL: ₹165.32 | Option Target: ₹196.60 | Premium: ₹177.35 | Delta: -0.4814",2026-07-22T05:50:40.163939+00:00
241,EXHAUSTION_REVERSAL,BEARISH,MEDIUM,23985.6,23985.6,23997.6,23961.6,23945.6,24000,PE,2026-07-22 14:17:00 IST,2026-07-22T08:47:00+00:00,Volume climax detected (3.1x average volume) | Candle formed a doji-like indecision pattern at 2:17pm | Option Sizing: 0 lots suggested | Capital: ₹53.15 | Risk: 10.0% | Option SL: ₹163.28 | Option Target: ₹180.29 | Premium: ₹168.95 | Delta: -0.4726,2026-07-22T08:47:05.82869+00:00
242,TREND_CONTINUATION,BEARISH,HIGH,24006.05,24006.05,24031.05,23966.05,23926.05,24000,PE,2026-07-22 15:21:00 IST,2026-07-22T09:51:00+00:00,"Trend continuation: regime held 185 candles before pullback | Pullback held 9 candle(s), resumed at 24006.05 | Resumption volume confirms participation (>= 1.2x average) | Regime persisted well beyond the minimum arming window | Sufficient room to the next opposing structural level | Option Sizing: 0 lots suggested | Capital: ₹53.15 | Risk: 10.0% | Option SL: ₹145.46 | Option Target: ₹174.94 | Premium: ₹156.80 | Delta: -0.4536",2026-07-22T09:51:20.695633+00:00
243,OI_WALL_REJECTION,BULLISH,MEDIUM,23907.7,23907.7,23895.7,23932.7,23961.4,23950,CE,2026-07-23 09:19:00 IST,2026-07-23T03:49:00+00:00,Price approached massive OI wall at 23900.0 | Wall size: 53.6L contracts (+6.1% change) | Candle showed clear rejection/bounce | Follow-through candle confirmed the reversal | Price tested wall deeply / pierced the strike | Option Sizing: 0 lots suggested | Capital: ₹53.15 | Risk: 10.0% | Option SL: ₹116.78 | Option Target: ₹135.19 | Premium: ₹122.75 | Delta: +0.4975,2026-07-23T03:49:19.529664+00:00
244,TREND_CONTINUATION,BULLISH,MEDIUM,23973.45,23973.45,23948.45,24013.45,24166.300000000003,24000,CE,2026-07-23 10:40:00 IST,2026-07-23T05:10:00+00:00,"Trend continuation: regime held 16 candles before pullback | Pullback held 3 candle(s), resumed at 23973.45 | Pullback stayed on the trend side of VWAP — shallow retrace | Sufficient room to the next opposing structural level | Option Sizing: 0 lots suggested | Capital: ₹53.15 | Risk: 10.0% | Option SL: ₹110.14 | Option Target: ₹143.58 | Premium: ₹123.00 | Delta: +0.5146",2026-07-23T05:10:33.806214+00:00
245,EXHAUSTION_REVERSAL,BEARISH,MEDIUM,23889.4,23889.4,23901.4,23865.4,23849.4,23900,PE,2026-07-23 14:35:00 IST,2026-07-23T09:05:00+00:00,Volume climax detected (2.8x average volume) | Candle formed a doji-like indecision pattern at 2:35pm | Extreme doji-like body ratio confirms high price indecision | Option Sizing: 0 lots suggested | Capital: ₹53.15 | Risk: 10.0% | Option SL: ₹123.01 | Option Target: ₹139.93 | Premium: ₹128.65 | Delta: -0.4701,2026-07-23T09:05:07.368209+00:00
246,EXHAUSTION_REVERSAL,BULLISH,MEDIUM,23817.3,23817.3,23805.3,23841.3,23961.4,23850,CE,2026-07-23 14:50:00 IST,2026-07-23T09:20:00+00:00,Volume climax detected (3.8x average volume) | Candle formed a doji-like indecision pattern at 2:50pm | Extreme climactic volume spike confirms high selling/buying pressure | Extreme doji-like body ratio confirms high price indecision | Option Sizing: 0 lots suggested | Capital: ₹53.15 | Risk: 10.0% | Option SL: ₹112.34 | Option Target: ₹130.52 | Premium: ₹118.40 | Delta: +0.5051,2026-07-23T09:20:11.944104+00:00
247,EXHAUSTION_REVERSAL,BULLISH,MEDIUM,23860.2,23860.2,23848.2,23884.2,23961.4,23900,CE,2026-07-23 15:07:00 IST,2026-07-23T09:37:00+00:00,Volume climax detected (3.9x average volume) | Candle formed a doji-like indecision pattern at 3:07pm | Extreme climactic volume spike confirms high selling/buying pressure | Option Sizing: 0 lots suggested | Capital: ₹53.15 | Risk: 10.0% | Option SL: ₹103.17 | Option Target: ₹120.96 | Premium: ₹109.10 | Delta: +0.4941,2026-07-23T09:37:20.826928+00:00
248,EXHAUSTION_REVERSAL,BULLISH,MEDIUM,23881.0,23881.0,23869.0,23905.0,23961.4,23950,CE,2026-07-23 15:24:00 IST,2026-07-23T09:54:00+00:00,Volume climax detected (4.5x average volume) | Candle formed a doji-like indecision pattern at 3:24pm | Extreme climactic volume spike confirms high selling/buying pressure | Extreme doji-like body ratio confirms high price indecision | Option Sizing: 0 lots suggested | Capital: ₹53.15 | Risk: 10.0% | Option SL: ₹93.54 | Option Target: ₹109.91 | Premium: ₹99.00 | Delta: +0.4547,2026-07-23T09:54:24.572449+00:00
249,OI_WALL_REJECTION,BEARISH,HIGH,23695.95,23695.95,23707.95,23670.95,23655.95,23700,PE,2026-07-24 09:34:00 IST,2026-07-24T04:04:00+00:00,Price approached massive OI wall at 23700.0 | Wall size: 70.8L contracts (+11.4% change) | Candle showed clear rejection/bounce | Follow-through candle confirmed the reversal | Massive wall size confirms strong barrier (>1.5x min) | Aggressive active defending by option writers (>1.5x min change) | Price tested wall deeply / pierced the strike | Candle showed heavy overhead supply (long upper wick) | Option Sizing: 0 lots suggested | Capital: ₹53.15 | Risk: 10.0% | Option SL: ₹118.30 | Option Target: ₹135.71 | Premium: ₹123.95 | Delta: -0.4704,2026-07-24T04:04:38.287452+00:00
250,TREND_CONTINUATION,BEARISH,HIGH,23645.35,23645.35,23670.35,23605.35,23565.35,23650,PE,2026-07-24 10:51:00 IST,2026-07-24T05:21:00+00:00,"Trend continuation: regime held 65 candles before pullback | Pullback held 3 candle(s), resumed at 23645.35 | Pullback stayed on the trend side of VWAP — shallow retrace | Resumption volume confirms participation (>= 1.2x average) | Regime persisted well beyond the minimum arming window | Sufficient room to the next opposing structural level | Option Sizing: 0 lots suggested | Capital: ₹53.15 | Risk: 10.0% | Option SL: ₹105.37 | Option Target: ₹135.86 | Premium: ₹117.10 | Delta: -0.4690",2026-07-24T05:21:52.320878+00:00
251,EXHAUSTION_REVERSAL,BULLISH,MEDIUM,23690.55,23690.55,23678.55,23714.55,23807.2,23750,CE,2026-07-24 12:01:00 IST,2026-07-24T06:31:00+00:00,Volume climax detected (5.1x average volume) | Candle formed a doji-like indecision pattern at 12:01pm | Extreme climactic volume spike confirms high selling/buying pressure | Extreme doji-like body ratio confirms high price indecision | Option Sizing: 0 lots suggested | Capital: ₹53.15 | Risk: 10.0% | Option SL: ₹98.51 | Option Target: ₹115.13 | Premium: ₹104.05 | Delta: +0.4615,2026-07-24T06:31:03.5995+00:00
252,EXHAUSTION_REVERSAL,BULLISH,MEDIUM,23709.1,23709.1,23697.1,23733.1,23807.2,23750,CE,2026-07-24 12:17:00 IST,2026-07-24T06:47:00+00:00,Volume climax detected (4.9x average volume) | Candle formed a doji-like indecision pattern at 12:17pm | Extreme climactic volume spike confirms high selling/buying pressure | Extreme doji-like body ratio confirms high price indecision | Option Sizing: 0 lots suggested | Capital: ₹53.15 | Risk: 10.0% | Option SL: ₹104.59 | Option Target: ₹122.02 | Premium: ₹110.40 | Delta: +0.4841,2026-07-24T06:47:07.294468+00:00
253,EXHAUSTION_REVERSAL,BULLISH,MEDIUM,23790.95,23790.95,23778.95,23814.95,23990.75,23850,CE,2026-07-24 12:32:00 IST,2026-07-24T07:02:00+00:00,Volume climax detected (5.4x average volume) | Candle formed a doji-like indecision pattern at 12:32pm | Extreme climactic volume spike confirms high selling/buying pressure | Extreme doji-like body ratio confirms high price indecision | Option Sizing: 0 lots suggested | Capital: ₹53.15 | Risk: 10.0% | Option SL: ₹108.28 | Option Target: ₹125.00 | Premium: ₹113.85 | Delta: +0.4646,2026-07-24T07:02:10.872475+00:00
254,EXHAUSTION_REVERSAL,BEARISH,MEDIUM,23773.2,23773.2,23785.2,23749.2,23733.2,23800,PE,2026-07-24 12:37:00 IST,2026-07-24T07:07:00+00:00,Volume climax detected (6.6x average volume) | Candle formed a doji-like indecision pattern at 12:37pm | Extreme climactic volume spike confirms high selling/buying pressure | Extreme doji-like body ratio confirms high price indecision | Option Sizing: 0 lots suggested | Capital: ₹53.15 | Risk: 10.0% | Option SL: ₹119.00 | Option Target: ₹136.84 | Premium: ₹124.95 | Delta: -0.4955,2026-07-24T07:07:13.495991+00:00
255,EXHAUSTION_REVERSAL,BULLISH,MEDIUM,23802.45,23802.45,23790.45,23826.45,23990.75,23850,CE,2026-07-24 12:51:00 IST,2026-07-24T07:21:00+00:00,Volume climax detected (4.9x average volume) | Candle formed a doji-like indecision pattern at 12:51pm | Extreme climactic volume spike confirms high selling/buying pressure | Exhaustion occurred at a significant key structural level | Option Sizing: 0 lots suggested | Capital: ₹53.15 | Risk: 10.0% | Option SL: ₹108.42 | Option Target: ₹125.61 | Premium: ₹114.15 | Delta: +0.4774,2026-07-24T07:21:17.497331+00:00
256,EXHAUSTION_REVERSAL,BULLISH,MEDIUM,23789.95,23789.95,23777.95,23813.95,23990.75,23850,CE,2026-07-24 13:25:00 IST,2026-07-24T07:55:00+00:00,Volume climax detected (2.7x average volume) | Candle formed a doji-like indecision pattern at 1:25pm | Option Sizing: 0 lots suggested | Capital: ₹53.15 | Risk: 10.0% | Option SL: ₹100.22 | Option Target: ₹116.82 | Premium: ₹105.75 | Delta: +0.4612,2026-07-24T07:55:25.055474+00:00
257,OI_WALL_REJECTION,BULLISH,MEDIUM,23933.7,23933.7,23921.7,23958.7,24250.0,23950,CE,2026-07-27 09:21:00 IST,2026-07-27T03:51:00+00:00,"Price approached massive OI wall at 23900.0 | Wall size: 77.4L contracts (+6.5% change) | Candle showed clear rejection/bounce | Follow-through candle confirmed the reversal | Massive wall size confirms strong barrier (>1.5x min) | Candle showed strong absorption/buying tail (long lower wick) | Option Sizing: 9 lots suggested | Capital: ₹52,382.98 | Risk: 10.0% | Option SL: ₹80.87 | Option Target: ₹99.00 | Premium: ₹86.75 | Delta: +0.4901",2026-07-27T03:51:19.797476+00:00
258,OI_WALL_REJECTION,BULLISH,MEDIUM,23936.2,23936.2,23924.2,23961.2,23976.2,23950,CE,2026-07-27 09:29:00 IST,2026-07-27T03:59:00+00:00,"Price approached massive OI wall at 23900.0 | Wall size: 103.0L contracts (+5.1% change) | Candle showed clear rejection/bounce | Follow-through candle confirmed the reversal | Massive wall size confirms strong barrier (>1.5x min) | Candle showed strong absorption/buying tail (long lower wick) | Option Sizing: 2 lots suggested | Capital: ₹15,258.60 | Risk: 10.0% | Option SL: ₹74.22 | Option Target: ₹92.49 | Premium: ₹80.15 | Delta: +0.4938",2026-07-27T03:59:22.648226+00:00
259,TREND_CONTINUATION,BULLISH,HIGH,23959.3,23959.3,23934.3,23999.3,24039.3,23950,CE,2026-07-27 12:13:00 IST,2026-07-27T06:43:00+00:00,"Trend continuation: regime held 54 candles before pullback | Pullback held 4 candle(s), resumed at 23959.30 | Pullback stayed on the trend side of VWAP — shallow retrace | Resumption volume confirms participation (>= 1.2x average) | Regime persisted well beyond the minimum arming window | Sufficient room to the next opposing structural level | Option Sizing: 2 lots suggested | Capital: ₹22,188.36 | Risk: 10.0% | Option SL: ₹68.44 | Option Target: ₹103.70 | Premium: ₹82.00 | Delta: +0.5425",2026-07-27T06:43:46.112256+00:00
260,EXHAUSTION_REVERSAL,BULLISH,MEDIUM,23965.0,23965.0,23953.0,23989.0,24005.0,23950,CE,2026-07-27 13:54:00 IST,2026-07-27T08:24:00+00:00,"Volume climax detected (2.6x average volume) | Candle formed a doji-like indecision pattern at 1:54pm | Option Sizing: 0 lots suggested | Capital: ₹1,349.07 | Risk: 10.0% | Option SL: ₹67.25 | Option Target: ₹87.49 | Premium: ₹74.00 | Delta: +0.5621",2026-07-27T08:24:34.659769+00:00
261,EXHAUSTION_REVERSAL,BULLISH,MEDIUM,24000.5,24000.5,23988.5,24024.5,24040.5,24000,CE,2026-07-27 14:46:00 IST,2026-07-27T09:16:00+00:00,"Volume climax detected (3.0x average volume) | Candle formed a doji-like indecision pattern at 2:46pm | Extreme doji-like body ratio confirms high price indecision | Option Sizing: 3 lots suggested | Capital: ₹18,492.22 | Risk: 10.0% | Option SL: ₹67.67 | Option Target: ₹86.51 | Premium: ₹73.95 | Delta: +0.5234",2026-07-27T09:16:43.244977+00:00
262,TREND_CONTINUATION,BULLISH,HIGH,23996.25,23996.25,23971.25,24036.25,24076.25,24000,CE,2026-07-27 14:56:00 IST,2026-07-27T09:26:00+00:00,"Trend continuation: regime held 40 candles before pullback | Pullback held 3 candle(s), resumed at 23996.25 | Pullback stayed on the trend side of VWAP — shallow retrace | Regime persisted well beyond the minimum arming window | Sufficient room to the next opposing structural level | Option Sizing: 0 lots suggested | Capital: ₹191.67 | Risk: 10.0% | Option SL: ₹61.06 | Option Target: ₹94.31 | Premium: ₹73.85 | Delta: +0.5115",2026-07-27T09:26:48.319361+00:00
263,EXHAUSTION_REVERSAL,BEARISH,MEDIUM,23999.5,23999.5,24011.5,23975.5,23823.600000000002,24000,PE,2026-07-27 15:11:00 IST,2026-07-27T09:41:00+00:00,"Volume climax detected (2.8x average volume) | Candle formed a doji-like indecision pattern at 3:11pm | Extreme doji-like body ratio confirms high price indecision | Option Sizing: 4 lots suggested | Capital: ₹15,088.58 | Risk: 10.0% | Option SL: ₹44.91 | Option Target: ₹61.99 | Premium: ₹50.60 | Delta: -0.4744",2026-07-27T09:41:57.782071+00:00
264,EXHAUSTION_REVERSAL,BULLISH,MEDIUM,24004.95,24004.95,23992.95,24028.95,24044.95,24000,CE,2026-07-28 13:00:00 IST,2026-07-28T07:30:00+00:00,"Volume climax detected (3.9x average volume) | Candle formed a doji-like indecision pattern at 1:00pm | Extreme doji-like body ratio confirms high price indecision | Exhaustion occurred at a significant key structural level | Option Sizing: 1 lots suggested | Capital: ₹5,971.62 | Risk: 10.0% | Option SL: ₹21.02 | Option Target: ₹40.61 | Premium: ₹27.55 | Delta: +0.5443",2026-07-28T07:30:56.020155+00:00
265,TREND_CONTINUATION,BULLISH,MEDIUM,24201.1,24201.1,24176.1,24241.1,24281.1,24250,CE,2026-07-29 10:01:00 IST,2026-07-29T04:31:00+00:00,"Trend continuation: regime held 37 candles before pullback | Pullback held 6 candle(s), resumed at 24201.10 | Regime persisted well beyond the minimum arming window | Sufficient room to the next opposing structural level | Option Sizing: 3 lots suggested | Capital: ₹31,743.96 | Risk: 10.0% | Option SL: ₹104.26 | Option Target: ₹136.35 | Premium: ₹116.60 | Delta: +0.4937",2026-07-29T04:31:58.479516+00:00
266,EXHAUSTION_REVERSAL,BULLISH,MEDIUM,24234.95,24234.95,24222.95,24258.95,24274.95,24300,CE,2026-07-29 10:42:00 IST,2026-07-29T05:12:00+00:00,"Volume climax detected (2.9x average volume) | Candle formed a doji-like indecision pattern at 10:42am | Option Sizing: 4 lots suggested | Capital: ₹30,091.93 | Risk: 10.0% | Option SL: ₹93.76 | Option Target: ₹110.68 | Premium: ₹99.40 | Delta: +0.4701",2026-07-29T05:12:21.181357+00:00
267,TREND_CONTINUATION,BULLISH,HIGH,24225.7,24225.7,24200.7,24265.7,24305.7,24300,CE,2026-07-29 12:33:00 IST,2026-07-29T07:03:00+00:00,"Trend continuation: regime held 127 candles before pullback | Pullback held 5 candle(s), resumed at 24225.70 | Pullback stayed on the trend side of VWAP — shallow retrace | Regime persisted well beyond the minimum arming window | Sufficient room to the next opposing structural level | Price is FLAT — market moving under 15 points (last 15-candle range: 14.8 pts) | Option Sizing: 0 lots suggested | Capital: ₹4,175.37 | Risk: 10.0% | Option SL: ₹83.56 | Option Target: ₹113.18 | Premium: ₹94.95 | Delta: +0.4557",2026-07-29T07:03:38.056488+00:00
268,EXHAUSTION_REVERSAL,BULLISH,MEDIUM,24248.9,24248.9,24236.9,24272.9,24288.9,24300,CE,2026-07-29 13:51:00 IST,2026-07-29T08:21:00+00:00,"Volume climax detected (2.7x average volume) | Candle formed a doji-like indecision pattern at 1:51pm | Option Sizing: 4 lots suggested | Capital: ₹27,737.66 | Risk: 10.0% | Option SL: ₹96.14 | Option Target: ₹113.72 | Premium: ₹102.00 | Delta: +0.4882",2026-07-29T08:21:49.992524+00:00
269,EXHAUSTION_REVERSAL,BULLISH,MEDIUM,24271.0,24271.0,24259.0,24295.0,24311.0,24300,CE,2026-07-29 15:03:00 IST,2026-07-29T09:33:00+00:00,"Volume climax detected (3.7x average volume) | Candle formed a doji-like indecision pattern at 3:03pm | Extreme doji-like body ratio confirms high price indecision | Option Sizing: 4 lots suggested | Capital: ₹27,453.71 | Risk: 10.0% | Option SL: ₹99.18 | Option Target: ₹117.99 | Premium: ₹105.45 | Delta: +0.5224",2026-07-29T09:33:11.335269+00:00
270,EXHAUSTION_REVERSAL,BULLISH,MEDIUM,24248.4,24248.4,24236.4,24272.4,24288.4,24300,CE,2026-07-29 15:16:00 IST,2026-07-29T09:46:00+00:00,"Volume climax detected (2.8x average volume) | Candle formed a doji-like indecision pattern at 3:16pm | Extreme doji-like body ratio confirms high price indecision | Option Sizing: 0 lots suggested | Capital: ₹2,788.81 | Risk: 10.0% | Option SL: ₹93.96 | Option Target: ₹111.48 | Premium: ₹99.80 | Delta: +0.4866",2026-07-29T09:46:15.352909+00:00
271,OI_WALL_REJECTION,BULLISH,MEDIUM,24250.75,24250.75,24238.75,24275.75,24283.550000000003,24300,CE,2026-07-30 09:18:00 IST,2026-07-30T03:48:00+00:00,"Price approached massive OI wall at 24200.0 | Wall size: 103.7L contracts (+8.8% change) | Candle showed clear rejection/bounce | Follow-through candle confirmed the reversal | Massive wall size confirms strong barrier (>1.5x min) | Aggressive active defending by option writers (>1.5x min change) | Option Sizing: 4 lots suggested | Capital: ₹27,298.62 | Risk: 10.0% | Option SL: ₹80.89 | Option Target: ₹98.65 | Premium: ₹86.65 | Delta: +0.4801",2026-07-30T03:48:24.220923+00:00
272,FAILED_BREAKOUT,BEARISH,MEDIUM,24273.95,24273.95,24288.95,24243.95,24136.75,24300,PE,2026-07-30 09:34:00 IST,2026-07-30T04:04:00+00:00,"Price closed back past level 24283.550000000003 | Breakout candle volume was weak | Option writers did not cover their positions | Price closed back deeply past level (>=5.0 points) | Option Sizing: 2 lots suggested | Capital: ₹27,142.70 | Risk: 10.0% | Option SL: ₹133.86 | Option Target: ₹155.72 | Premium: ₹141.15 | Delta: -0.4857",2026-07-30T04:04:37.857079+00:00
273,FAILED_BREAKOUT,BEARISH,MEDIUM,24269.8,24269.8,24284.8,24239.8,24136.75,24300,PE,2026-07-30 09:52:00 IST,2026-07-30T04:22:00+00:00,"Price closed back past level 24283.550000000003 | Breakout candle volume was weak | Price closed back deeply past level (>=5.0 points) | Option Sizing: 2 lots suggested | Capital: ₹27,184.81 | Risk: 10.0% | Option SL: ₹135.14 | Option Target: ₹157.23 | Premium: ₹142.50 | Delta: -0.4909",2026-07-30T04:22:41.363626+00:00
274,TREND_CONTINUATION,BEARISH,MEDIUM,24241.75,24241.75,24266.75,24201.75,24136.75,24250,PE,2026-07-30 10:40:00 IST,2026-07-30T05:10:00+00:00,"Trend continuation: regime held 25 candles before pullback | Pullback held 5 candle(s), resumed at 24241.75 | Pullback stayed on the trend side of VWAP — shallow retrace | Sufficient room to the next opposing structural level | Option Sizing: 3 lots suggested | Capital: ₹27,184.81 | Risk: 10.0% | Option SL: ₹120.58 | Option Target: ₹150.92 | Premium: ₹132.25 | Delta: -0.4668",2026-07-30T05:10:49.895378+00:00
275,FAILED_BREAKOUT,BEARISH,MEDIUM,24278.55,24278.55,24293.55,24248.55,24136.75,24300,PE,2026-07-30 13:10:00 IST,2026-07-30T07:40:00+00:00,Price closed back past level 24283.550000000003 | Breakout candle volume was weak | Option writers did not cover their positions | Price closed back deeply past level (>=5.0 points) | Option Sizing: 0 lots suggested | Capital: ₹112.63 | Risk: 10.0% | Option SL: ₹115.01 | Option Target: ₹136.58 | Premium: ₹122.20 | Delta: -0.4792,2026-07-30T07:40:14.515454+00:00
276,TREND_CONTINUATION,BULLISH,HIGH,24288.9,24288.9,24263.9,24328.9,24368.9,24350,CE,2026-07-30 13:38:00 IST,2026-07-30T08:08:00+00:00,"Trend continuation: regime held 16 candles before pullback | Pullback held 6 candle(s), resumed at 24288.90 | Pullback stayed on the trend side of VWAP — shallow retrace | Resumption volume confirms participation (>= 1.2x average) | Sufficient room to the next opposing structural level | Option Sizing: 0 lots suggested | Capital: ₹1,776.50 | Risk: 10.0% | Option SL: ₹66.97 | Option Target: ₹96.68 | Premium: ₹78.40 | Delta: +0.4570",2026-07-30T08:08:19.169468+00:00
277,TREND_CONTINUATION,BEARISH,MEDIUM,24251.65,24251.65,24276.65,24211.65,24136.75,24250,PE,2026-07-30 14:42:00 IST,2026-07-30T09:12:00+00:00,"Trend continuation: regime held 21 candles before pullback | Pullback held 10 candle(s), resumed at 24251.65 | Resumption volume confirms participation (>= 1.2x average) | Sufficient room to the next opposing structural level | Option Sizing: 3 lots suggested | Capital: ₹28,084.44 | Risk: 10.0% | Option SL: ₹97.32 | Option Target: ₹126.65 | Premium: ₹108.60 | Delta: -0.4512",2026-07-30T09:12:29.86799+00:00
278,FAILED_BREAKOUT,BULLISH,HIGH,24357.55,24357.55,24342.55,24387.55,24400.0,24400,CE,2026-07-31 09:16:00 IST,2026-07-31T03:46:00+00:00,Price closed back past level 24342.95 | IV is dropping rapidly (IV Crush) | Option writers did not cover their positions | Option writers actively defended and added positions (>=10.0% OI growth) | Price closed back deeply past level (>=5.0 points) | Option Sizing: 0 lots suggested | Capital: ₹544.95 | Risk: 10.0% | Option SL: ₹73.42 | Option Target: ₹94.81 | Premium: ₹80.55 | Delta: +0.4754,2026-07-31T03:46:17.182653+00:00
279,TREND_CONTINUATION,BULLISH,MEDIUM,24349.75,24349.75,24324.75,24389.75,24429.75,24400,CE,2026-07-31 10:54:00 IST,2026-07-31T05:24:00+00:00,"Trend continuation: regime held 16 candles before pullback | Pullback held 3 candle(s), resumed at 24349.75 | Pullback stayed on the trend side of VWAP — shallow retrace | Sufficient room to the next opposing structural level | Option Sizing: 0 lots suggested | Capital: ₹544.95 | Risk: 10.0% | Option SL: ₹57.79 | Option Target: ₹87.84 | Premium: ₹69.35 | Delta: +0.4623",2026-07-31T05:24:31.591953+00:00
280,EXHAUSTION_REVERSAL,BULLISH,MEDIUM,24370.5,24370.5,24358.5,24394.5,24410.5,24400,CE,2026-07-31 11:26:00 IST,2026-07-31T05:56:00+00:00,Volume climax detected (3.6x average volume) | Candle formed a doji-like indecision pattern at 11:26am | Option Sizing: 0 lots suggested | Capital: ₹544.95 | Risk: 10.0% | Option SL: ₹69.39 | Option Target: ₹87.41 | Premium: ₹75.40 | Delta: +0.5006,2026-07-31T05:56:37.122199+00:00
281,TREND_CONTINUATION,BULLISH,MEDIUM,24361.1,24361.1,24336.1,24401.1,24441.1,24400,CE,2026-07-31 11:49:00 IST,2026-07-31T06:19:00+00:00,"Trend continuation: regime held 17 candles before pullback | Pullback held 7 candle(s), resumed at 24361.10 | Pullback stayed on the trend side of VWAP — shallow retrace | Sufficient room to the next opposing structural level | Price is FLAT — market moving under 15 points (last 15-candle range: 11.6 pts) | Option Sizing: 0 lots suggested | Capital: ₹544.95 | Risk: 10.0% | Option SL: ₹61.23 | Option Target: ₹92.61 | Premium: ₹73.30 | Delta: +0.4828",2026-07-31T06:19:41.37606+00:00
282,EXHAUSTION_REVERSAL,BULLISH,MEDIUM,24402.65,24402.65,24390.65,24426.65,24442.65,24450,CE,2026-07-31 14:16:00 IST,2026-07-31T08:46:00+00:00,Volume climax detected (3.1x average volume) | Candle formed a doji-like indecision pattern at 2:16pm | Option Sizing: 0 lots suggested | Capital: ₹544.95 | Risk: 10.0% | Option SL: ₹64.39 | Option Target: ₹81.06 | Premium: ₹69.95 | Delta: +0.4629,2026-07-31T08:46:03.849619+00:00
283,EXHAUSTION_REVERSAL,BULLISH,MEDIUM,24406.25,24406.25,24394.25,24430.25,24446.25,24450,CE,2026-07-31 14:27:00 IST,2026-07-31T08:57:00+00:00,Volume climax detected (3.3x average volume) | Candle formed a doji-like indecision pattern at 2:27pm | Extreme doji-like body ratio confirms high price indecision | Option Sizing: 0 lots suggested | Capital: ₹544.95 | Risk: 10.0% | Option SL: ₹65.25 | Option Target: ₹82.20 | Premium: ₹70.90 | Delta: +0.4709,2026-07-31T08:57:07.481841+00:00
284,EXHAUSTION_REVERSAL,BEARISH,MEDIUM,24364.0,24364.0,24376.0,24340.0,24187.100000000002,24400,PE,2026-07-31 14:48:00 IST,2026-07-31T09:18:00+00:00,Volume climax detected (2.9x average volume) | Candle formed a doji-like indecision pattern at 2:48pm | Option Sizing: 0 lots suggested | Capital: ₹544.95 | Risk: 10.0% | Option SL: ₹92.07 | Option Target: ₹110.47 | Premium: ₹98.20 | Delta: -0.5111,2026-07-31T09:18:12.878955+00:00
285,EXHAUSTION_REVERSAL,BEARISH,MEDIUM,24385.85,24385.85,24397.85,24361.85,24342.95,24400,PE,2026-07-31 15:05:00 IST,2026-07-31T09:35:00+00:00,Volume climax detected (3.3x average volume) | Candle formed a doji-like indecision pattern at 3:05pm | Extreme doji-like body ratio confirms high price indecision | Option Sizing: 0 lots suggested | Capital: ₹544.95 | Risk: 10.0% | Option SL: ₹85.01 | Option Target: ₹102.07 | Premium: ₹90.70 | Delta: -0.4738,2026-07-31T09:35:17.145133+00:00
286,EXHAUSTION_REVERSAL,BULLISH,MEDIUM,24395.7,24395.7,24383.7,24419.7,24435.7,24400,CE,2026-07-31 15:11:00 IST,2026-07-31T09:41:00+00:00,Volume climax detected (3.5x average volume) | Candle formed a doji-like indecision pattern at 3:11pm | Extreme doji-like body ratio confirms high price indecision | Option Sizing: 0 lots suggested | Capital: ₹544.95 | Risk: 10.0% | Option SL: ₹73.38 | Option Target: ₹93.40 | Premium: ₹80.05 | Delta: +0.5562,2026-07-31T09:41:19.913357+00:00
287,TREND_CONTINUATION,BULLISH,MEDIUM,24554.55,24554.55,24529.55,24594.55,24634.55,24550,CE,2026-08-03 09:54:00 IST,2026-08-03T04:24:00+00:00,"Trend continuation: regime held 23 candles before pullback | Pullback held 8 candle(s), resumed at 24554.55 | Pullback stayed on the trend side of VWAP — shallow retrace | Sufficient room to the next opposing structural level | Price is FLAT — market moving under 15 points (last 15-candle range: 14.7 pts) | Option Sizing: 0 lots suggested | Capital: ₹544.95 | Risk: 10.0% | Option SL: ₹55.24 | Option Target: ₹90.37 | Premium: ₹68.75 | Delta: +0.5404",2026-08-03T04:24:26.018914+00:00
288,EXHAUSTION_REVERSAL,BULLISH,MEDIUM,24582.45,24582.45,24570.45,24606.45,24622.45,24600,CE,2026-08-03 10:45:00 IST,2026-08-03T05:15:00+00:00,Volume climax detected (2.7x average volume) | Candle formed a doji-like indecision pattern at 10:45am | Option Sizing: 0 lots suggested | Capital: ₹544.95 | Risk: 10.0% | Option SL: ₹49.75 | Option Target: ₹67.00 | Premium: ₹55.50 | Delta: +0.4793,2026-08-03T05:15:33.814853+00:00
289,EXHAUSTION_REVERSAL,BULLISH,MEDIUM,24594.2,24594.2,24582.2,24618.2,24634.2,24600,CE,2026-08-03 12:44:00 IST,2026-08-03T07:14:00+00:00,Volume climax detected (3.0x average volume) | Candle formed a doji-like indecision pattern at 12:44pm | Option Sizing: 0 lots suggested | Capital: ₹544.95 | Risk: 10.0% | Option SL: ₹49.21 | Option Target: ₹67.63 | Premium: ₹55.35 | Delta: +0.5118,2026-08-03T07:14:51.604672+00:00
290,EXHAUSTION_REVERSAL,BEARISH,MEDIUM,24582.65,24582.65,24594.65,24558.65,24429.4,24600,PE,2026-08-03 13:09:00 IST,2026-08-03T07:39:00+00:00,Volume climax detected (3.1x average volume) | Candle formed a doji-like indecision pattern at 1:09pm | Option Sizing: 0 lots suggested | Capital: ₹544.95 | Risk: 10.0% | Option SL: ₹68.95 | Option Target: ₹87.54 | Premium: ₹75.15 | Delta: -0.5164,2026-08-03T07:39:57.317133+00:00
291,TREND_CONTINUATION,BULLISH,MEDIUM,24599.3,24599.3,24574.3,24639.3,24679.3,24600,CE,2026-08-03 13:37:00 IST,2026-08-03T08:07:00+00:00,"Trend continuation: regime held 18 candles before pullback | Pullback held 6 candle(s), resumed at 24599.30 | Pullback stayed on the trend side of VWAP — shallow retrace | Sufficient room to the next opposing structural level | Option Sizing: 0 lots suggested | Capital: ₹544.95 | Risk: 10.0% | Option SL: ₹41.63 | Option Target: ₹75.87 | Premium: ₹54.80 | Delta: +0.5267",2026-08-03T08:07:02.57552+00:00
292,EXHAUSTION_REVERSAL,BULLISH,MEDIUM,24589.9,24589.9,24577.9,24613.9,24629.9,24600,CE,2026-08-03 14:05:00 IST,2026-08-03T08:35:00+00:00,Volume climax detected (4.2x average volume) | Candle formed a doji-like indecision pattern at 2:05pm | Extreme climactic volume spike confirms high selling/buying pressure | Extreme doji-like body ratio confirms high price indecision | Price is FLAT — market moving under 15 points (last 15-candle range: 8.4 pts) | Option Sizing: 0 lots suggested | Capital: ₹544.95 | Risk: 10.0% | Option SL: ₹43.62 | Option Target: ₹61.57 | Premium: ₹49.60 | Delta: +0.4987,2026-08-03T08:35:07.386143+00:00
293,TREND_CONTINUATION,BULLISH,MEDIUM,24590.45,24590.45,24565.45,24630.45,24670.45,24600,CE,2026-08-03 14:27:00 IST,2026-08-03T08:57:00+00:00,"Trend continuation: regime held 17 candles before pullback | Pullback held 6 candle(s), resumed at 24590.45 | Pullback stayed on the trend side of VWAP — shallow retrace | Sufficient room to the next opposing structural level | Option Sizing: 0 lots suggested | Capital: ₹544.95 | Risk: 10.0% | Option SL: ₹36.75 | Option Target: ₹69.12 | Premium: ₹49.20 | Delta: +0.4980",2026-08-03T08:57:12.576562+00:00
294,EXHAUSTION_REVERSAL,BEARISH,MEDIUM,24596.3,24596.3,24608.3,24572.3,24429.4,24600,PE,2026-08-03 14:44:00 IST,2026-08-03T09:14:00+00:00,Volume climax detected (3.1x average volume) | Candle formed a doji-like indecision pattern at 2:44pm | Extreme doji-like body ratio confirms high price indecision | Price is FLAT — market moving under 15 points (last 15-candle range: 14.4 pts) | Option Sizing: 0 lots suggested | Capital: ₹544.95 | Risk: 10.0% | Option SL: ₹59.76 | Option Target: ₹77.28 | Premium: ₹65.60 | Delta: -0.4865,2026-08-03T09:14:20.478493+00:00
295,EXHAUSTION_REVERSAL,BULLISH,MEDIUM,24594.85,24594.85,24582.85,24618.85,24634.85,24600,CE,2026-08-03 15:00:00 IST,2026-08-03T09:30:00+00:00,Volume climax detected (3.5x average volume) | Candle formed a doji-like indecision pattern at 3:00pm | Extreme doji-like body ratio confirms high price indecision | Price is FLAT — market moving under 15 points (last 15-candle range: 12.9 pts) | Option Sizing: 0 lots suggested | Capital: ₹544.95 | Risk: 10.0% | Option SL: ₹42.65 | Option Target: ₹61.09 | Premium: ₹48.80 | Delta: +0.5122,2026-08-03T09:30:23.652999+00:00
296,EXHAUSTION_REVERSAL,BEARISH,MEDIUM,24572.0,24572.0,24584.0,24548.0,24429.4,24600,PE,2026-08-03 15:06:00 IST,2026-08-03T09:36:00+00:00,Volume climax detected (3.7x average volume) | Candle formed a doji-like indecision pattern at 3:06pm | Extreme doji-like body ratio confirms high price indecision | Option Sizing: 0 lots suggested | Capital: ₹544.95 | Risk: 10.0% | Option SL: ₹70.44 | Option Target: ₹90.12 | Premium: ₹77.00 | Delta: -0.5467,2026-08-03T09:36:25.924007+00:00
297,EXHAUSTION_REVERSAL,BEARISH,MEDIUM,24570.85,24570.85,24582.85,24546.85,24429.4,24600,PE,2026-08-03 15:10:00 IST,2026-08-03T09:40:00+00:00,Volume climax detected (2.6x average volume) | Candle formed a doji-like indecision pattern at 3:10pm | Option Sizing: 0 lots suggested | Capital: ₹544.95 | Risk: 10.0% | Option SL: ₹69.77 | Option Target: ₹89.50 | Premium: ₹76.35 | Delta: -0.5480,2026-08-03T09:40:28.3871+00:00
