trade_id,setup_type,direction,entry_timestamp_ist,entry_price,actual_exit_price,orig_result_state,orig_pnl_points,orig_opt_pnl_rupees,orig_sl,new_result_state,new_pnl_points,new_opt_pnl_rupees,new_sl,pnl_difference_points,opt_pnl_difference_rupees,status_changed,signal_reasons
f6cf83c4-9d35-4bdc-b0bc-d961b65586fd,EXHAUSTION_REVERSAL,BULLISH,2026-06-24 13:16:00 IST,24036.3,24013.95,SL_HIT,-22.35,-838.125,12.0,T2_HIT,40.0,1500.0,18.0,62.35,2338.12,True,Volume climax detected (2.8x average volume) | Candle formed a doji-like indecision pattern at 1:16pm | Target 2 set at structural resistance: 24135.50
886a6340-2042-4a3c-89eb-15c1952f5e89,EXHAUSTION_REVERSAL,BULLISH,2026-06-24 15:00:00 IST,24042.1,24135.5,T2_HIT,93.4,3502.5,12.0,SL_HIT,-18.0,-675.0,18.0,-111.4,-4177.5,True,Volume climax detected (2.6x average volume) | Candle formed a doji-like indecision pattern at 3:00pm | Target 2 set at structural resistance: 24135.50
3a37c0ce-928a-472f-bdd0-a935ec19cd7b,EXHAUSTION_REVERSAL,BULLISH,2026-06-24 15:00:00 IST,24044.9,24135.5,T2_HIT,90.6,3397.5,12.0,SL_HIT,-18.0,-675.0,18.0,-108.6,-4072.5,True,Volume climax detected (2.9x average volume) | Candle formed a doji-like indecision pattern at 3:00pm | Target 2 set at structural resistance: 24135.50
e2ed84ec-138e-4383-a6a5-a301311d8c18,OI_WALL_REJECTION,BULLISH,2026-06-25 09:18:00 IST,24120.15,24191.1,T2_HIT,70.95,2660.625,12.0,T2_HIT,40.0,1500.0,16.0,-30.95,-1160.62,False,Price approached massive OI wall at 24100.0 | Wall size: 46.0L contracts (+6.5% change) | Candle showed clear rejection/bounce | Option writers defended the level (OI did not drop)
4c329293-ed26-4c16-9e23-1682ab551b90,EXHAUSTION_REVERSAL,BEARISH,2026-06-25 13:52:00 IST,24202.45,24202.45,TIME_STOP,0.0,0.0,12.0,T2_HIT,40.0,1500.0,18.0,40.0,1500.0,True,Volume climax detected (2.7x average volume) | Candle formed a doji-like indecision pattern at 1:52pm | Target 1 set at structural support: 24090.05 | Target 2 set at structural support: 23789.25
abf4b830-dd6e-4ad9-9b33-c84b3d3d00f8,OI_WALL_REJECTION,BEARISH,2026-06-25 14:14:00 IST,24139.1,24061.85,T2_HIT,77.25,2896.875,12.0,T2_HIT,40.0,1500.0,16.0,-37.25,-1396.88,False,Price approached massive OI wall at 24150.0 | Wall size: 41.8L contracts (+6.9% change) | Candle showed clear rejection/bounce | Option writers defended the level (OI did not drop)
848078fa-bc63-4d08-908c-370e96a936ed,FAILED_BREAKOUT,BEARISH,2026-06-25 14:48:00 IST,24087.3,24087.3,TIME_STOP,0.0,0.0,15.0,SL_HIT,-15.0,-562.5,15.0,-15.0,-562.5,True,Price closed back past level 24090.050000000003 | Option writers did not cover their positions | Target 2 set at structural support: 23789.25
dd02e5da-9af2-422e-8776-4f3c6a94de14,OI_WALL_REJECTION,BULLISH,2026-06-29 09:42:00 IST,24076.0,24066.4,T1_HIT,-9.6,-341.79,12.0,SL_HIT,-16.0,-569.65,16.0,-6.4,-227.86,True,"Price approached massive OI wall at 24050.0 | Wall size: 80.8L contracts (+5.2% change) | Candle showed clear rejection/bounce | Option writers defended the level (OI did not drop) | Option Sizing: 0 lots suggested | Capital: ₹9,099.85 | Risk: 10.0% | Option SL: ₹53.69 | Option Target: ₹94.51 | Premium: ₹77.90 | Delta: +0.4747"
81e9d686-5282-41a5-93d3-3953e0e51ac9,OI_WALL_REJECTION,BULLISH,2026-06-29 10:26:00 IST,24108.9,24066.4,SL_HIT,-42.5,-1706.75,12.0,SL_HIT,-16.0,-642.54,16.0,26.5,1064.21,False,"Price approached massive OI wall at 24100.0 | Wall size: 140.4L contracts (+5.0% change) | Candle showed clear rejection/bounce | Option writers defended the level (OI did not drop) | Option Sizing: 0 lots suggested | Capital: ₹9,099.07 | Risk: 10.0% | Option SL: ₹76.10 | Option Target: ₹112.99 | Premium: ₹94.25 | Delta: +0.5354"
987ef651-d542-4135-956c-b91541cf361d,OI_WALL_REJECTION,BEARISH,2026-06-29 12:32:00 IST,23946.35,23976.35,SL_HIT,-30.0,-1099.48,12.0,SL_HIT,-16.0,-586.39,16.0,14.0,513.09,False,"Price approached massive OI wall at 23950.0 | Wall size: 45.2L contracts (+5.7% change) | Candle showed clear rejection/bounce | Option writers defended the level (OI did not drop) | Option Sizing: 0 lots suggested | Capital: ₹9,089.91 | Risk: 10.0% | Option SL: ₹75.80 | Option Target: ₹106.90 | Premium: ₹89.80 | Delta: -0.4887"
9c564cc3-bd5f-471e-ad42-3f4bf95985cd,FAILED_BREAKOUT,BULLISH,2026-06-29 12:47:00 IST,23951.9,24261.6,T2_HIT,309.7,12097.58,15.0,SL_HIT,-15.0,-585.93,15.0,-324.7,-12683.51,True,"Price closed back past level 23950.0 | Option writers did not cover their positions | Target 1 set at structural resistance: 24039.00 | Target 2 set at structural resistance: 24261.60 | Option Sizing: 0 lots suggested | Capital: ₹9,087.57 | Risk: 10.0% | Option SL: ₹81.29 | Option Target: ₹140.66 | Premium: ₹95.30 | Delta: +0.5208"
e6c1aead-b5b6-4ddd-b851-64d0d6c3ec43,OI_WALL_REJECTION,BEARISH,2026-06-30 09:19:00 IST,23940.05,23888.0,T2_HIT,52.05,2007.66,12.0,T2_HIT,40.0,1542.87,16.0,-12.05,-464.79,False,"Price approached massive OI wall at 23950.0 | Wall size: 105.0L contracts (+15.1% change) | Candle showed clear rejection/bounce | Option writers defended the level (OI did not drop) | Option Sizing: 1 lots suggested | Capital: ₹9,115.94 | Risk: 10.0% | Option SL: ₹51.62 | Option Target: ₹77.31 | Premium: ₹64.45 | Delta: -0.5143"
00ab656f-f46e-4313-85d5-3c0a986a2725,FAILED_BREAKOUT,BULLISH,2026-06-30 12:15:00 IST,23930.3,23892.1,SL_HIT,-38.2,-1255.19,15.0,SL_HIT,-15.0,-492.87,15.0,23.2,762.32,False,"Price closed back past level 23924.550000000003 | Option writers did not cover their positions | Price closed back deeply past level (>=5.0 points) | Target 2 set at structural resistance: 24120.00 | Option Sizing: 1 lots suggested | Capital: ₹9,085.91 | Risk: 10.0% | Option SL: ₹27.71 | Option Target: ₹58.71 | Premium: ₹36.80 | Delta: +0.4381"
b6c2b34a-3e93-40f3-bb0e-c7a6d05df825,EXHAUSTION_REVERSAL,BEARISH,2026-06-30 14:04:00 IST,23892.1,23949.4,SL_HIT,-57.3,-2226.75,12.0,STOPPED_OUT_AT_BE,0.0,0.0,18.0,57.3,2226.75,True,"Volume climax detected (4.2x average volume) | Candle formed a doji-like indecision pattern at 2:04pm | Option Sizing: 1 lots suggested | Capital: ₹9,063.48 | Risk: 10.0% | Option SL: ₹25.31 | Option Target: ₹50.10 | Premium: ₹37.15 | Delta: -0.5181"
f62acff4-3f8b-4751-9d78-ab4e4def3a89,EXHAUSTION_REVERSAL,BEARISH,2026-06-30 14:25:00 IST,23949.4,23954.3,T1_HIT,-4.9,-183.74,12.0,SL_HIT,-18.0,-674.95,18.0,-13.1,-491.21,True,"Volume climax detected (10.1x average volume) | Candle formed a doji-like indecision pattern at 2:25pm | Extreme climactic volume spike confirms high selling/buying pressure | Extreme doji-like body ratio confirms high price indecision | Target 1 set at structural support: 23924.55 | Option Sizing: 1 lots suggested | Capital: ₹9,063.80 | Risk: 10.0% | Option SL: ₹7.53 | Option Target: ₹33.17 | Premium: ₹20.75 | Delta: -0.5000"
ac82bac0-0943-446b-b7b5-b80da60867b2,EXHAUSTION_REVERSAL,BULLISH,2026-06-30 14:45:00 IST,23944.95,23913.3,SL_HIT,-31.65,-1126.53,12.0,SL_HIT,-18.0,-640.68,18.0,13.65,485.85,False,"Volume climax detected (4.1x average volume) | Candle formed a doji-like indecision pattern at 2:45pm | Target 2 set at structural resistance: 24120.00 | Option Sizing: 1 lots suggested | Capital: ₹9,097.02 | Risk: 10.0% | Option SL: ₹10.20 | Option Target: ₹43.78 | Premium: ₹20.05 | Delta: +0.4746"
0bf81cf8-d640-4fe8-b35a-7403dc043123,EXHAUSTION_REVERSAL,BULLISH,2026-06-30 15:06:00 IST,23835.4,24120.0,T2_HIT,284.6,7293.8,12.0,T2_HIT,40.0,1025.13,18.0,-244.6,-6268.67,False,"Volume climax detected (6.4x average volume) | Candle formed a doji-like indecision pattern at 3:06pm | Extreme climactic volume spike confirms high selling/buying pressure | Extreme doji-like body ratio confirms high price indecision | Target 1 set at structural resistance: 23924.55 | Target 2 set at structural resistance: 24120.00 | Option Sizing: 1 lots suggested | Capital: ₹9,072.38 | Risk: 10.0% | Option SL: ₹1.00 | Option Target: ₹37.56 | Premium: ₹7.10 | Delta: +0.3417"
b0debfe6-e711-4b93-8f31-45b1c38e5ecf,EXHAUSTION_REVERSAL,BEARISH,2026-07-01 11:13:00 IST,24001.5,24024.75,SL_HIT,-23.25,-794.61,12.0,SL_HIT,-18.0,-615.18,18.0,5.25,179.43,False,"Volume climax detected (2.8x average volume) | Candle formed a doji-like indecision pattern at 11:13am | Extreme doji-like body ratio confirms high price indecision | Target 2 set at structural support: 23829.20 | Option Sizing: 0 lots suggested | Capital: ₹9,477.17 | Risk: 10.0% | Option SL: ₹135.48 | Option Target: ₹177.75 | Premium: ₹145.85 | Delta: -0.4557"
c36dd20a-b0c8-4868-9292-2cd622296b9c,FAILED_BREAKOUT,BEARISH,2026-07-01 12:40:00 IST,24032.25,24032.25,TIME_STOP,0.0,0.0,15.0,STOPPED_OUT_AT_BE,0.0,0.0,15.0,0.0,0.0,True,"Price closed back past level 24035.550000000003 | Breakout candle volume was weak | Target 2 set at structural support: 23829.20 | Option Sizing: 0 lots suggested | Capital: ₹9,457.67 | Risk: 10.0% | Option SL: ₹139.31 | Option Target: ₹185.82 | Premium: ₹152.70 | Delta: -0.4731"
17f73dcb-0d48-4271-97ce-c90cf044cbcb,EXHAUSTION_REVERSAL,BULLISH,2026-07-01 13:41:00 IST,24034.7,24008.65,SL_HIT,-26.05,-931.08,12.0,SL_HIT,-18.0,-643.36,18.0,8.05,287.72,False,"Volume climax detected (3.6x average volume) | Candle formed a doji-like indecision pattern at 1:41pm | Extreme doji-like body ratio confirms high price indecision | Exhaustion occurred at a significant key structural level | Option Sizing: 1 lots suggested | Capital: ₹9,458.45 | Risk: 10.0% | Option SL: ₹119.06 | Option Target: ₹147.23 | Premium: ₹130.55 | Delta: +0.4766"
b081f197-3655-4eb1-a267-5755b167659b,EXHAUSTION_REVERSAL,BULLISH,2026-07-01 14:22:00 IST,24036.3,24014.45,SL_HIT,-21.85,-784.09,12.0,SL_HIT,-18.0,-645.93,18.0,3.85,138.16,False,"Volume climax detected (2.6x average volume) | Candle formed a doji-like indecision pattern at 2:22pm | Exhaustion occurred at a significant key structural level | Option Sizing: 1 lots suggested | Capital: ₹9,476.00 | Risk: 10.0% | Option SL: ₹120.79 | Option Target: ₹147.25 | Premium: ₹130.50 | Delta: +0.4785"
e6e8ab3c-e03c-44d6-976f-0108a0071194,FAILED_BREAKOUT,BEARISH,2026-07-01 15:01:00 IST,24024.45,24024.45,TIME_STOP,0.0,0.0,15.0,STOPPED_OUT_AT_BE,0.0,0.0,15.0,0.0,0.0,True,"Price closed back past level 24035.550000000003 | Price closed back deeply past level (>=5.0 points) | Target 2 set at structural support: 23829.20 | Option Sizing: 0 lots suggested | Capital: ₹9,470.74 | Risk: 10.0% | Option SL: ₹133.85 | Option Target: ₹184.84 | Premium: ₹151.20 | Delta: -0.4806"
7ff52f71-bddd-4f5f-aeb1-1a060d357de5,EXHAUSTION_REVERSAL,BULLISH,2026-07-01 15:18:00 IST,24000.35,24070.35,T2_HIT,70.0,2582.63,12.0,SL_HIT,-18.0,-664.11,18.0,-88.0,-3246.74,True,"Volume climax detected (2.6x average volume) | Candle formed a doji-like indecision pattern at 3:18pm | Extreme doji-like body ratio confirms high price indecision | Target 1 set at structural resistance: 24035.55 | Option Sizing: 1 lots suggested | Capital: ₹9,465.67 | Risk: 10.0% | Option SL: ₹123.27 | Option Target: ₹151.12 | Premium: ₹133.80 | Delta: +0.4919"
041a985d-9d4d-42bb-b83a-4e3d4aff15ba,OI_WALL_REJECTION,BEARISH,2026-07-02 09:17:00 IST,24078.6,24126.35,SL_HIT,-47.75,-1723.3,12.0,SL_HIT,-16.0,-577.44,16.0,31.75,1145.86,False,"Price approached massive OI wall at 24100.0 | Wall size: 58.1L contracts (+10.6% change) | Candle showed clear rejection/bounce | Option writers defended the level (OI did not drop) | Aggressive active defending by option writers (>1.5x min change) | Target 1 set at structural support: 24049.90 | Target 2 set at structural support: 23895.10 | Option Sizing: 0 lots suggested | Capital: ₹9,622.70 | Risk: 10.0% | Option SL: ₹108.72 | Option Target: ₹144.86 | Premium: ₹131.05 | Delta: -0.4812"
b6bea787-73c3-41fc-95d5-1a711748408c,OI_WALL_REJECTION,BEARISH,2026-07-02 10:16:00 IST,24085.15,24125.5,SL_HIT,-40.35,-1427.0,12.0,SL_HIT,-16.0,-565.85,16.0,24.35,861.15,False,"Price approached massive OI wall at 24100.0 | Wall size: 95.6L contracts (+5.3% change) | Candle showed clear rejection/bounce | Option writers defended the level (OI did not drop) | Massive wall size confirms strong barrier (>1.5x min) | Candle showed heavy overhead supply (long upper wick) | Target 1 set at structural support: 24049.90 | Target 2 set at structural support: 23895.10 | Option Sizing: 0 lots suggested | Capital: ₹9,570.39 | Risk: 10.0% | Option SL: ₹105.96 | Option Target: ₹141.37 | Premium: ₹124.75 | Delta: -0.4715"
13af97a2-b3fd-44b2-b94b-6fd423765336,EXHAUSTION_REVERSAL,BEARISH,2026-07-02 13:01:00 IST,24129.0,24152.55,SL_HIT,-23.55,-844.18,12.0,SL_HIT,-18.0,-645.23,18.0,5.55,198.95,False,"Volume climax detected (3.0x average volume) | Candle formed a doji-like indecision pattern at 1:01pm | Target 1 set at structural support: 24049.90 | Target 2 set at structural support: 23895.10 | Option Sizing: 1 lots suggested | Capital: ₹9,637.45 | Risk: 10.0% | Option SL: ₹109.41 | Option Target: ₹157.66 | Premium: ₹119.85 | Delta: -0.4779"
cdf06535-f3b0-4a21-9573-100c38ff8b47,EXHAUSTION_REVERSAL,BEARISH,2026-07-02 15:28:00 IST,24169.4,24169.4,TIME_STOP,0.0,0.0,12.0,SL_HIT,-18.0,-664.2,18.0,-18.0,-664.2,True,"Volume climax detected (2.5x average volume) | Candle formed a doji-like indecision pattern at 3:28pm | Target 1 set at structural support: 24049.90 | Target 2 set at structural support: 23895.10 | Option Sizing: 1 lots suggested | Capital: ₹9,633.43 | Risk: 10.0% | Option SL: ₹104.42 | Option Target: ₹173.74 | Premium: ₹114.95 | Delta: -0.4920"
d6aea8dd-db64-41fe-963e-bd39c53a01d3,FAILED_BREAKOUT,BULLISH,2026-07-03 09:20:00 IST,24305.3,24305.3,STOPPED_OUT_AT_BE,0.0,0.0,15.0,T2_HIT,55.0,1985.03,15.0,55.0,1985.03,True,"Price closed back past level 24300.0 | Breakout candle volume was weak | Option writers did not cover their positions | Option writers actively defended and added positions (>=3% OI growth) | Price closed back deeply past level (>=5.0 points) | Target 1 set at structural resistance: 24350.00 | Target 2 set at structural resistance: 24400.00 | Option Sizing: 1 lots suggested | Capital: ₹9,636.35 | Risk: 10.0% | Option SL: ₹75.72 | Option Target: ₹111.81 | Premium: ₹90.30 | Delta: +0.4812"
3d750af4-7140-4dfe-a053-1ec575b53b87,TREND_CONTINUATION,BULLISH,2026-07-07 10:43:00 IST,24490.2,24471.2,SL_HIT,-19.0,-661.27,25.0,TIME_STOP,-19.0,-661.27,32.0,0.0,0.0,True,"Trend continuation: regime held 43 candles before pullback | Pullback held 3 candle(s), resumed at 24490.20 | Pullback stayed on the trend side of VWAP — shallow retrace | Regime persisted well beyond the minimum arming window | Sufficient room to the next opposing structural level | Option Sizing: 0 lots suggested | Capital: ₹180.73 | Risk: 10.0% | Option SL: ₹18.33 | Option Target: ₹38.75 | Premium: ₹27.15 | Delta: +0.4641"
1db2bef8-1199-43c7-9ab2-2f818d4965ba,TREND_CONTINUATION,BEARISH,2026-07-08 11:55:00 IST,24253.1,24259.45,SL_HIT,-6.35,-216.03,25.0,TIME_STOP,-6.35,-216.03,32.0,0.0,0.0,True,"Trend continuation: regime held 16 candles before pullback | Pullback held 3 candle(s), resumed at 24253.10 | Pullback stayed on the trend side of VWAP — shallow retrace | Sufficient room to the next opposing structural level | Option Sizing: 0 lots suggested | Capital: ₹69.78 | Risk: 10.0% | Option SL: ₹143.97 | Option Target: ₹162.73 | Premium: ₹146.85 | Delta: -0.4536"
c4b559b5-8712-43f9-a878-ec966801999d,TREND_CONTINUATION,BULLISH,2026-07-09 10:22:00 IST,24046.05,24029.65,SL_HIT,-16.4,-590.24,25.0,SL_HIT,-32.0,-1151.69,32.0,-15.6,-561.45,False,"Trend continuation: regime held 66 candles before pullback | Pullback held 3 candle(s), resumed at 24046.05 | Pullback stayed on the trend side of VWAP — shallow retrace | Resumption volume confirms participation (>= 1.2x average) | Regime persisted well beyond the minimum arming window | Sufficient room to the next opposing structural level | Target 2 set at structural resistance: 24300.00 | Option Sizing: 0 lots suggested | Capital: ₹31.76 | Risk: 10.0% | Option SL: ₹109.73 | Option Target: ₹151.19 | Premium: ₹117.60 | Delta: +0.4799"
d6350758-95f3-4ae5-a576-c91378b8651f,TREND_CONTINUATION,BULLISH,2026-07-09 11:49:00 IST,24051.6,24051.6,TIME_STOP,0.0,0.0,25.0,TIME_STOP,0.0,0.0,32.0,0.0,0.0,False,"Trend continuation: regime held 22 candles before pullback | Pullback held 3 candle(s), resumed at 24051.60 | Pullback stayed on the trend side of VWAP — shallow retrace | Sufficient room to the next opposing structural level | Target 2 set at structural resistance: 24300.00 | Option Sizing: 0 lots suggested | Capital: ₹31.76 | Risk: 10.0% | Option SL: ₹113.89 | Option Target: ₹152.75 | Premium: ₹118.85 | Delta: +0.4843"
d38ef1e8-7bc9-449c-abfd-aaa31ac35830,EXHAUSTION_REVERSAL,BEARISH,2026-07-09 14:17:00 IST,24041.85,24042.65,SL_HIT,-0.8,-28.13,12.0,SL_HIT,-18.0,-632.93,18.0,-17.2,-604.8,False,"Volume climax detected (2.5x average volume) | Candle formed a doji-like indecision pattern at 2:17pm | Target 2 set at structural support: 23805.20 | Option Sizing: 0 lots suggested | Capital: ₹1,586.60 | Risk: 10.0% | Option SL: ₹137.72 | Option Target: ₹170.92 | Premium: ₹138.10 | Delta: -0.4688"
88f3c52e-2eeb-4aac-8967-baed3687d41c,EXHAUSTION_REVERSAL,BULLISH,2026-07-09 14:18:00 IST,24035.35,24034.75,SL_HIT,-0.6,-20.84,12.0,T2_HIT,40.0,1389.3,18.0,40.6,1410.14,True,"Volume climax detected (3.2x average volume) | Candle formed a doji-like indecision pattern at 2:18pm | Target 2 set at structural resistance: 24300.00 | Option Sizing: 0 lots suggested | Capital: ₹1,586.60 | Risk: 10.0% | Option SL: ₹104.52 | Option Target: ₹137.22 | Premium: ₹104.80 | Delta: +0.4631"
e327a5ec-1d5d-4474-9bbf-e724b42276e3,EXHAUSTION_REVERSAL,BULLISH,2026-07-09 14:19:00 IST,24045.45,24043.9,SL_HIT,-1.55,-55.07,12.0,T1_HIT,24.0,852.77,18.0,25.55,907.84,True,"Volume climax detected (4.6x average volume) | Candle formed a doji-like indecision pattern at 2:19pm | Extreme climactic volume spike confirms high selling/buying pressure | Extreme doji-like body ratio confirms high price indecision | Target 2 set at structural resistance: 24300.00 | Option Sizing: 0 lots suggested | Capital: ₹1,586.60 | Risk: 10.0% | Option SL: ₹105.72 | Option Target: ₹139.61 | Premium: ₹106.45 | Delta: +0.4738"
91a866f5-0233-487b-9063-96eb5bba9e08,TREND_CONTINUATION,BEARISH,2026-07-09 15:01:00 IST,23993.5,23993.5,TIME_STOP,0.0,0.0,25.0,STOPPED_OUT_AT_BE,0.0,0.0,32.0,0.0,0.0,True,"Trend continuation: regime held 16 candles before pullback | Pullback held 6 candle(s), resumed at 23993.50 | Resumption volume confirms participation (>= 1.2x average) | Sufficient room to the next opposing structural level | Target 2 set at structural support: 23805.20 | Option Sizing: 0 lots suggested | Capital: ₹60.60 | Risk: 10.0% | Option SL: ₹111.23 | Option Target: ₹167.92 | Premium: ₹135.00 | Delta: -0.4703"
7be4574f-65d8-4b86-985d-3d4e8606205a,EXHAUSTION_REVERSAL,BULLISH,2026-07-09 15:16:00 IST,23945.7,23944.95,SL_HIT,-0.75,-26.81,12.0,T1_HIT,24.0,857.84,18.0,24.75,884.65,True,"Volume climax detected (2.8x average volume) | Candle formed a doji-like indecision pattern at 3:16pm | Target 2 set at structural resistance: 24300.00 | Option Sizing: 1 lots suggested | Capital: ₹7,657.39 | Risk: 10.0% | Option SL: ₹110.74 | Option Target: ₹144.46 | Premium: ₹111.10 | Delta: +0.4766"
68b70b34-1580-41d9-9e1b-6e5dc666ce81,EXHAUSTION_REVERSAL,BULLISH,2026-07-09 15:18:00 IST,23949.25,23947.2,SL_HIT,-2.05,-74.08,12.0,T1_HIT,24.0,867.22,18.0,26.05,941.3,True,"Volume climax detected (2.8x average volume) | Candle formed a doji-like indecision pattern at 3:18pm | Target 2 set at structural resistance: 24300.00 | Option Sizing: 1 lots suggested | Capital: ₹7,657.39 | Risk: 10.0% | Option SL: ₹110.16 | Option Target: ₹144.88 | Premium: ₹111.15 | Delta: +0.4818"
007aa8a7-5f8c-4c0a-a44a-cc20fe8d6c0e,TREND_CONTINUATION,BULLISH,2026-07-10 12:51:00 IST,24194.4,24169.4,SL_HIT,-25.0,-863.08,25.0,SL_HIT,-32.0,-1104.74,32.0,-7.0,-241.66,False,"Trend continuation: regime held 16 candles before pullback | Pullback held 6 candle(s), resumed at 24194.40 | Pullback stayed on the trend side of VWAP — shallow retrace | Resumption volume confirms participation (>= 1.2x average) | Sufficient room to the next opposing structural level | Option Sizing: 0 lots suggested | Capital: ₹32.86 | Risk: 10.0% | Option SL: ₹70.89 | Option Target: ₹100.81 | Premium: ₹82.40 | Delta: +0.4603"
b09fdb78-6063-4bb3-9d64-728560947ef9,TREND_CONTINUATION,BULLISH,2026-07-10 13:53:00 IST,24195.2,24195.2,TIME_STOP,0.0,0.0,25.0,TIME_STOP,0.0,0.0,32.0,0.0,0.0,False,"Trend continuation: regime held 20 candles before pullback | Pullback held 6 candle(s), resumed at 24195.20 | Pullback stayed on the trend side of VWAP — shallow retrace | Sufficient room to the next opposing structural level | Option Sizing: 0 lots suggested | Capital: ₹32.86 | Risk: 10.0% | Option SL: ₹67.54 | Option Target: ₹97.21 | Premium: ₹78.95 | Delta: +0.4565"
c7d07c24-c04c-4665-962d-6503e58903d0,EXHAUSTION_REVERSAL,BULLISH,2026-07-10 15:00:00 IST,24198.75,24198.75,TIME_STOP,0.0,0.0,12.0,SL_HIT,-18.0,-620.18,18.0,-18.0,-620.18,True,Volume climax detected (4.9x average volume) | Candle formed a doji-like indecision pattern at 3:00pm | Extreme climactic volume spike confirms high selling/buying pressure | Extreme doji-like body ratio confirms high price indecision | Option Sizing: 0 lots suggested | Capital: ₹32.86 | Risk: 10.0% | Option SL: ₹69.79 | Option Target: ₹86.33 | Premium: ₹75.30 | Delta: +0.4594
eb20f4f4-4e28-4644-974a-72d998a0404e,EXHAUSTION_REVERSAL,BULLISH,2026-07-10 15:18:00 IST,24201.4,24201.4,TIME_STOP,0.0,0.0,12.0,SL_HIT,-18.0,-622.08,18.0,-18.0,-622.08,True,Volume climax detected (3.1x average volume) | Candle formed a doji-like indecision pattern at 3:18pm | Option Sizing: 0 lots suggested | Capital: ₹32.86 | Risk: 10.0% | Option SL: ₹66.87 | Option Target: ₹83.46 | Premium: ₹72.40 | Delta: +0.4608
16e36e94-83c6-4f88-b704-edb8aa712fa6,FAILED_BREAKOUT,BEARISH,2026-07-13 10:01:00 IST,24118.85,24133.85,SL_HIT,-15.0,-513.35,15.0,SL_HIT,-15.0,-513.35,15.0,0.0,0.0,False,Price closed back past level 24120.350000000002 | Breakout candle volume was weak | IV is dropping rapidly (IV Crush) | Option writers did not cover their positions | Option Sizing: 0 lots suggested | Capital: ₹3.36 | Risk: 10.0% | Option SL: ₹90.26 | Option Target: ₹110.79 | Premium: ₹97.10 | Delta: -0.4563
6607c543-172f-4a09-94e3-48e622f8e8bc,FAILED_BREAKOUT,BEARISH,2026-07-13 10:23:00 IST,24113.1,24128.1,SL_HIT,-15.0,-522.8,15.0,SL_HIT,-15.0,-522.8,15.0,0.0,0.0,False,Price closed back past level 24120.350000000002 | IV is dropping rapidly (IV Crush) | Price closed back deeply past level (>=5.0 points) | Option Sizing: 0 lots suggested | Capital: ₹3.36 | Risk: 10.0% | Option SL: ₹90.93 | Option Target: ₹111.84 | Premium: ₹97.90 | Delta: -0.4647
13b18c7b-3759-4c95-a417-047dd4616562,TREND_CONTINUATION,BULLISH,2026-07-13 11:25:00 IST,24146.7,24228.45,T2_HIT,81.75,3149.19,25.0,T2_HIT,80.0,3081.78,32.0,-1.75,-67.41,False,"Trend continuation: regime held 16 candles before pullback | Pullback held 7 candle(s), resumed at 24146.70 | Pullback stayed on the trend side of VWAP — shallow retrace | Sufficient room to the next opposing structural level | Option Sizing: 0 lots suggested | Capital: ₹3.36 | Risk: 10.0% | Option SL: ₹66.81 | Option Target: ₹100.20 | Premium: ₹79.65 | Delta: +0.5136"
db669a0e-83d0-4fd2-a02e-8c2ccac29a10,EXHAUSTION_REVERSAL,BULLISH,2026-07-13 11:54:00 IST,24145.25,24133.25,SL_HIT,-12.0,-460.03,12.0,TIME_STOP,-12.0,-460.03,18.0,0.0,0.0,True,Volume climax detected (10.7x average volume) | Candle formed a doji-like indecision pattern at 11:54am | Extreme climactic volume spike confirms high selling/buying pressure | Option Sizing: 0 lots suggested | Capital: ₹3.36 | Risk: 10.0% | Option SL: ₹75.22 | Option Target: ₹93.62 | Premium: ₹81.35 | Delta: +0.5111
b1c7034e-e659-49cd-8fc7-b4d813b290a7,EXHAUSTION_REVERSAL,BEARISH,2026-07-13 12:21:00 IST,24187.65,24199.65,SL_HIT,-12.0,-453.29,12.0,SL_HIT,-18.0,-679.93,18.0,-6.0,-226.64,False,Volume climax detected (4.0x average volume) | Candle formed a doji-like indecision pattern at 12:21pm | Extreme climactic volume spike confirms high selling/buying pressure | Extreme doji-like body ratio confirms high price indecision | Option Sizing: 0 lots suggested | Capital: ₹3.36 | Risk: 10.0% | Option SL: ₹98.71 | Option Target: ₹116.84 | Premium: ₹104.75 | Delta: -0.5037
58b894b6-d111-4320-9d1a-25551cd9aec8,TREND_CONTINUATION,BULLISH,2026-07-13 14:21:00 IST,24225.0,24225.0,TIME_STOP,0.0,0.0,25.0,TIME_STOP,0.0,0.0,32.0,0.0,0.0,False,"Trend continuation: regime held 48 candles before pullback | Pullback held 3 candle(s), resumed at 24225.00 | Pullback stayed on the trend side of VWAP — shallow retrace | Regime persisted well beyond the minimum arming window | Option Sizing: 0 lots suggested | Capital: ₹3.36 | Risk: 10.0% | Option SL: ₹58.10 | Option Target: ₹88.51 | Premium: ₹69.80 | Delta: +0.4678"
a63f7c39-422b-470a-91d5-af8e045d9c00,FAILED_BREAKOUT,BEARISH,2026-07-13 14:37:00 IST,24219.5,24234.5,SL_HIT,-15.0,-507.27,15.0,SL_HIT,-15.0,-507.27,15.0,0.0,0.0,False,Price closed back past level 24228.45 | Breakout candle volume was weak | IV is dropping rapidly (IV Crush) | Option writers did not cover their positions | Price closed back deeply past level (>=5.0 points) | Option Sizing: 0 lots suggested | Capital: ₹3.36 | Risk: 10.0% | Option SL: ₹73.84 | Option Target: ₹94.13 | Premium: ₹80.60 | Delta: -0.4509
54539e51-ec4e-4564-ba2c-c62ec9128bbd,TREND_CONTINUATION,BEARISH,2026-07-13 15:27:00 IST,24203.75,24120.35,T2_HIT,83.4,2971.0,25.0,T2_HIT,80.0,2849.88,32.0,-3.4,-121.12,False,"Trend continuation: regime held 25 candles before pullback | Pullback held 3 candle(s), resumed at 24203.75 | Pullback stayed on the trend side of VWAP — shallow retrace | Sufficient room to the next opposing structural level | Option Sizing: 0 lots suggested | Capital: ₹3.36 | Risk: 10.0% | Option SL: ₹62.43 | Option Target: ₹93.30 | Premium: ₹74.30 | Delta: -0.4750"
9541a83a-f971-4566-ba26-6d109d4dbac2,TREND_CONTINUATION,BEARISH,2026-07-14 10:08:00 IST,24080.6,24080.6,STOPPED_OUT_AT_BE,0.0,0.0,25.0,STOPPED_OUT_AT_BE,0.0,0.0,32.0,0.0,0.0,False,"Trend continuation: regime held 21 candles before pullback | Pullback held 4 candle(s), resumed at 24080.60 | Pullback stayed on the trend side of VWAP — shallow retrace | Regime persisted well beyond the minimum arming window | Sufficient room to the next opposing structural level | Option Sizing: 0 lots suggested | Capital: ₹3.36 | Risk: 10.0% | Option SL: ₹52.41 | Option Target: ₹87.74 | Premium: ₹66.00 | Delta: -0.5436"
72d24fe6-a2db-4ae3-b589-0c2cc867138f,EXHAUSTION_REVERSAL,BULLISH,2026-07-14 11:19:00 IST,24131.2,24119.2,SL_HIT,-12.0,-390.84,12.0,SL_HIT,-18.0,-586.26,18.0,-6.0,-195.42,False,Volume climax detected (3.6x average volume) | Candle formed a doji-like indecision pattern at 11:19am | Option Sizing: 0 lots suggested | Capital: ₹3.36 | Risk: 10.0% | Option SL: ₹25.59 | Option Target: ₹41.22 | Premium: ₹30.80 | Delta: +0.4343
3d173bb3-3dda-497c-956e-501910061247,TREND_CONTINUATION,BEARISH,2026-07-14 13:01:00 IST,24065.7,24090.7,SL_HIT,-25.0,-801.86,25.0,TIME_STOP,-25.0,-801.86,32.0,0.0,0.0,True,"Trend continuation: regime held 52 candles before pullback | Pullback held 5 candle(s), resumed at 24065.70 | Pullback stayed on the trend side of VWAP — shallow retrace | Regime persisted well beyond the minimum arming window | Sufficient room to the next opposing structural level | Option Sizing: 0 lots suggested | Capital: ₹3.36 | Risk: 10.0% | Option SL: ₹20.51 | Option Target: ₹48.31 | Premium: ₹31.20 | Delta: -0.4277"
d61e3370-a92c-4f00-997e-783972616df4,EXHAUSTION_REVERSAL,BULLISH,2026-07-14 13:17:00 IST,24074.75,24062.75,SL_HIT,-12.0,-637.29,12.0,SL_HIT,-18.0,-955.93,18.0,-6.0,-318.64,False,Volume climax detected (4.5x average volume) | Candle formed a doji-like indecision pattern at 1:17pm | Option Sizing: 0 lots suggested | Capital: ₹3.36 | Risk: 10.0% | Option SL: ₹29.00 | Option Target: ₹54.49 | Premium: ₹37.50 | Delta: +0.7081
ebb12d2b-41a4-4481-8ccf-3cf18b745ba7,TREND_CONTINUATION,BEARISH,2026-07-14 13:43:00 IST,24045.25,24070.25,SL_HIT,-25.0,-960.28,25.0,TIME_STOP,-25.0,-960.28,32.0,0.0,0.0,True,"Trend continuation: regime held 14 candles before pullback | Pullback held 4 candle(s), resumed at 24045.25 | Pullback stayed on the trend side of VWAP — shallow retrace | Resumption volume confirms participation (>= 1.3x average) | Sufficient room to the next opposing structural level | Option Sizing: 0 lots suggested | Capital: ₹3.36 | Risk: 10.0% | Option SL: ₹22.65 | Option Target: ₹55.94 | Premium: ₹35.45 | Delta: -0.5121"
e1c9b204-ce52-467c-a25b-4d4f8f555736,EXHAUSTION_REVERSAL,BULLISH,2026-07-15 14:19:00 IST,24082.35,24070.35,SL_HIT,-12.0,-422.57,12.0,TIME_STOP,-12.0,-422.57,18.0,0.0,0.0,True,Volume climax detected (6.2x average volume) | Candle formed a doji-like indecision pattern at 2:19pm | Extreme climactic volume spike confirms high selling/buying pressure | Option Sizing: 0 lots suggested | Capital: ₹155.36 | Risk: 10.0% | Option SL: ₹109.97 | Option Target: ₹126.87 | Premium: ₹115.60 | Delta: +0.4695
2e4aa476-a2fb-4f29-930a-a772cf1292a4,TREND_CONTINUATION,BEARISH,2026-07-16 10:05:00 IST,24123.2,24123.2,TIME_STOP,0.0,0.0,25.0,SL_HIT,-32.0,-1168.22,32.0,-32.0,-1168.22,True,"Trend continuation: regime held 16 candles before pullback | Pullback held 3 candle(s), resumed at 24123.20 | Pullback stayed on the trend side of VWAP — shallow retrace | Sufficient room to the next opposing structural level | Option Sizing: 0 lots suggested | Capital: ₹155.36 | Risk: 10.0% | Option SL: ₹129.03 | Option Target: ₹160.67 | Premium: ₹141.20 | Delta: -0.4868"
996918c2-8611-4cd4-bee2-f987f8dd4f04,TREND_CONTINUATION,BULLISH,2026-07-16 11:21:00 IST,24158.0,24158.0,TIME_STOP,0.0,0.0,25.0,TIME_STOP,0.0,0.0,32.0,0.0,0.0,False,"Trend continuation: regime held 23 candles before pullback | Pullback held 3 candle(s), resumed at 24158.00 | Pullback stayed on the trend side of VWAP — shallow retrace | Sufficient room to the next opposing structural level | Option Sizing: 0 lots suggested | Capital: ₹155.36 | Risk: 10.0% | Option SL: ₹99.32 | Option Target: ₹131.38 | Premium: ₹111.65 | Delta: +0.4932"
29c2258b-c82a-4cce-8bf4-85837a02e723,FAILED_BREAKOUT,BULLISH,2026-07-17 09:20:00 IST,24192.25,24247.25,T2_HIT,55.0,1894.82,15.0,T2_HIT,55.0,1894.82,15.0,0.0,0.0,False,Price closed back past level 24186.5 | Breakout candle volume was weak | Option writers did not cover their positions | Option writers actively defended and added positions (>=10.0% OI growth) | Price closed back deeply past level (>=5.0 points) | Option Sizing: 0 lots suggested | Capital: ₹53.15 | Risk: 10.0% | Option SL: ₹86.76 | Option Target: ₹107.43 | Premium: ₹93.65 | Delta: +0.4593
13692804-36b8-42a8-b004-55c33f31658b,EXHAUSTION_REVERSAL,BEARISH,2026-07-17 14:45:00 IST,24319.9,24331.9,SL_HIT,-12.0,-447.83,12.0,TIME_STOP,-12.0,-447.83,18.0,0.0,0.0,True,Volume climax detected (3.7x average volume) | Candle formed a doji-like indecision pattern at 2:45pm | Option Sizing: 0 lots suggested | Capital: ₹53.15 | Risk: 10.0% | Option SL: ₹149.08 | Option Target: ₹166.99 | Premium: ₹155.05 | Delta: -0.4976
ea7eb79a-7351-4a8a-bd4c-1774b970536c,EXHAUSTION_REVERSAL,BEARISH,2026-07-17 15:21:00 IST,24333.25,24345.25,SL_HIT,-12.0,-436.7,12.0,SL_HIT,-18.0,-655.05,18.0,-6.0,-218.35,False,Volume climax detected (2.9x average volume) | Candle formed a doji-like indecision pattern at 3:21pm | Extreme doji-like body ratio confirms high price indecision | Price is FLAT — market moving under 15 points (last 15-candle range: 14.8 pts) | Option Sizing: 0 lots suggested | Capital: ₹53.15 | Risk: 10.0% | Option SL: ₹142.63 | Option Target: ₹160.10 | Premium: ₹148.45 | Delta: -0.4852
b3e44f41-d55d-4eaf-90b8-f71a53afc2ce,TREND_CONTINUATION,BEARISH,2026-07-20 10:00:00 IST,24181.4,24206.4,SL_HIT,-25.0,-959.27,25.0,SL_HIT,-32.0,-1227.86,32.0,-7.0,-268.59,False,"Trend continuation: regime held 40 candles before pullback | Pullback held 3 candle(s), resumed at 24181.40 | Pullback stayed on the trend side of VWAP — shallow retrace | Regime persisted well beyond the minimum arming window | Sufficient room to the next opposing structural level | Option Sizing: 0 lots suggested | Capital: ₹53.15 | Risk: 10.0% | Option SL: ₹95.66 | Option Target: ₹128.91 | Premium: ₹108.45 | Delta: -0.5116"
0ce7a1f0-32e8-4713-af2e-1f53a8e1dc85,TREND_CONTINUATION,BEARISH,2026-07-20 11:40:00 IST,24206.2,24206.2,STOPPED_OUT_AT_BE,0.0,0.0,25.0,STOPPED_OUT_AT_BE,0.0,0.0,32.0,0.0,0.0,False,"Trend continuation: regime held 17 candles before pullback | Pullback held 3 candle(s), resumed at 24206.20 | Pullback stayed on the trend side of VWAP — shallow retrace | Sufficient room to the next opposing structural level | Option Sizing: 0 lots suggested | Capital: ₹53.15 | Risk: 10.0% | Option SL: ₹81.89 | Option Target: ₹112.72 | Premium: ₹93.75 | Delta: -0.4743"
b5b69a2b-8ac0-4201-bcfd-3a1344b231a7,EXHAUSTION_REVERSAL,BULLISH,2026-07-20 13:15:00 IST,24222.4,24222.4,STOPPED_OUT_AT_BE,0.0,0.0,12.0,T2_HIT,40.0,1392.87,18.0,40.0,1392.87,True,Volume climax detected (4.1x average volume) | Candle formed a doji-like indecision pattern at 1:15pm | Extreme climactic volume spike confirms high selling/buying pressure | Extreme doji-like body ratio confirms high price indecision | Option Sizing: 0 lots suggested | Capital: ₹53.15 | Risk: 10.0% | Option SL: ₹62.18 | Option Target: ₹78.89 | Premium: ₹67.75 | Delta: +0.4643
028272c7-d538-4360-a8c6-ed4f8ce4acff,TREND_CONTINUATION,BULLISH,2026-07-20 14:12:00 IST,24256.6,24231.6,SL_HIT,-25.0,-1003.63,25.0,TIME_STOP,-25.0,-1003.63,32.0,0.0,0.0,True,"Trend continuation: regime held 16 candles before pullback | Pullback held 3 candle(s), resumed at 24256.60 | Pullback stayed on the trend side of VWAP — shallow retrace | Sufficient room to the next opposing structural level | Option Sizing: 0 lots suggested | Capital: ₹53.15 | Risk: 10.0% | Option SL: ₹67.72 | Option Target: ₹102.51 | Premium: ₹81.10 | Delta: +0.5353"
16dbf326-7702-45fc-968b-0fd728db0f23,TREND_CONTINUATION,BEARISH,2026-07-20 14:48:00 IST,24239.05,24239.05,TIME_STOP,0.0,0.0,25.0,TIME_STOP,0.0,0.0,32.0,0.0,0.0,False,"Trend continuation: regime held 17 candles before pullback | Pullback held 3 candle(s), resumed at 24239.05 | Pullback stayed on the trend side of VWAP — shallow retrace | Sufficient room to the next opposing structural level | Option Sizing: 0 lots suggested | Capital: ₹53.15 | Risk: 10.0% | Option SL: ₹64.61 | Option Target: ₹97.34 | Premium: ₹77.20 | Delta: -0.5036"
7572a046-8c66-475c-8d9e-96a97a06ed9b,TREND_CONTINUATION,BEARISH,2026-07-20 15:12:00 IST,24237.45,24237.45,TIME_STOP,0.0,0.0,25.0,TIME_STOP,0.0,0.0,32.0,0.0,0.0,False,"Trend continuation: regime held 16 candles before pullback | Pullback held 4 candle(s), resumed at 24237.45 | Resumption volume confirms participation (>= 1.2x average) | Sufficient room to the next opposing structural level | Option Sizing: 0 lots suggested | Capital: ₹53.15 | Risk: 10.0% | Option SL: ₹62.30 | Option Target: ₹95.33 | Premium: ₹75.00 | Delta: -0.5081"
fd22dd36-29ef-4ca8-b54b-f1057a178619,TREND_CONTINUATION,BEARISH,2026-07-21 13:25:00 IST,24165.45,24190.45,SL_HIT,-25.0,-742.37,25.0,TIME_STOP,-25.0,-742.37,32.0,0.0,0.0,True,"Trend continuation: regime held 19 candles before pullback | Pullback held 3 candle(s), resumed at 24165.45 | Pullback stayed on the trend side of VWAP — shallow retrace | Resumption volume confirms participation (>= 1.3x average) | Sufficient room to the next opposing structural level | Option Sizing: 0 lots suggested | Capital: ₹53.15 | Risk: 10.0% | Option SL: ₹8.25 | Option Target: ₹33.99 | Premium: ₹18.15 | Delta: -0.3959"
da065d92-4d61-4c50-8b67-b8cf372d9b2e,TREND_CONTINUATION,BULLISH,2026-07-21 15:12:00 IST,24186.1,24186.1,TIME_STOP,0.0,0.0,25.0,SL_HIT,-32.0,-204.84,32.0,-32.0,-204.84,True,"Trend continuation: regime held 18 candles before pullback | Pullback held 3 candle(s), resumed at 24186.10 | Pullback stayed on the trend side of VWAP — shallow retrace | Resumption volume confirms participation (>= 1.3x average) | Sufficient room to the next opposing structural level | Option Sizing: 0 lots suggested | Capital: ₹53.15 | Risk: 10.0% | Option SL: ₹1.00 | Option Target: ₹3.81 | Premium: ₹0.40 | Delta: +0.0853"
217a449d-f925-4464-83ba-44d4ed5bc699,EXHAUSTION_REVERSAL,BEARISH,2026-07-22 10:03:00 IST,24023.25,24035.25,SL_HIT,-12.0,-434.21,12.0,SL_HIT,-18.0,-651.32,18.0,-6.0,-217.11,False,Volume climax detected (2.9x average volume) | Candle formed a doji-like indecision pattern at 10:03am | Extreme doji-like body ratio confirms high price indecision | Option Sizing: 0 lots suggested | Capital: ₹53.15 | Risk: 10.0% | Option SL: ₹169.46 | Option Target: ₹186.83 | Premium: ₹175.25 | Delta: -0.4825
f69a3f47-fbdf-4002-9d8d-83d353d72ba7,EXHAUSTION_REVERSAL,BULLISH,2026-07-22 10:17:00 IST,24022.05,24010.05,SL_HIT,-12.0,-415.1,12.0,SL_HIT,-18.0,-622.65,18.0,-6.0,-207.55,False,Volume climax detected (3.6x average volume) | Candle formed a doji-like indecision pattern at 10:17am | Extreme doji-like body ratio confirms high price indecision | Option Sizing: 0 lots suggested | Capital: ₹53.15 | Risk: 10.0% | Option SL: ₹110.67 | Option Target: ₹127.27 | Premium: ₹116.20 | Delta: +0.4612
38fb00f0-8d4d-4233-9e83-f5ea6580a9b6,TREND_CONTINUATION,BEARISH,2026-07-22 11:20:00 IST,24024.45,24049.45,SL_HIT,-25.0,-902.57,25.0,TIME_STOP,-25.0,-902.57,32.0,0.0,0.0,True,"Trend continuation: regime held 115 candles before pullback | Pullback held 3 candle(s), resumed at 24024.45 | Pullback stayed on the trend side of VWAP — shallow retrace | Resumption volume confirms participation (>= 1.2x average) | Regime persisted well beyond the minimum arming window | Sufficient room to the next opposing structural level | Option Sizing: 0 lots suggested | Capital: ₹53.15 | Risk: 10.0% | Option SL: ₹165.32 | Option Target: ₹196.60 | Premium: ₹177.35 | Delta: -0.4814"
7675a46e-34aa-4df6-8f41-e8b44ab0589a,EXHAUSTION_REVERSAL,BEARISH,2026-07-22 14:17:00 IST,23985.6,23985.6,TIME_STOP,0.0,0.0,12.0,TIME_STOP,0.0,0.0,18.0,0.0,0.0,False,Volume climax detected (3.1x average volume) | Candle formed a doji-like indecision pattern at 2:17pm | Option Sizing: 0 lots suggested | Capital: ₹53.15 | Risk: 10.0% | Option SL: ₹163.28 | Option Target: ₹180.29 | Premium: ₹168.95 | Delta: -0.4726
73c1a0b0-4775-4550-82c1-315c1d3cae09,TREND_CONTINUATION,BEARISH,2026-07-22 15:21:00 IST,24006.05,23926.05,T2_HIT,80.0,2721.72,25.0,T2_HIT,80.0,2721.72,32.0,0.0,0.0,False,"Trend continuation: regime held 185 candles before pullback | Pullback held 9 candle(s), resumed at 24006.05 | Resumption volume confirms participation (>= 1.2x average) | Regime persisted well beyond the minimum arming window | Sufficient room to the next opposing structural level | Option Sizing: 0 lots suggested | Capital: ₹53.15 | Risk: 10.0% | Option SL: ₹145.46 | Option Target: ₹174.94 | Premium: ₹156.80 | Delta: -0.4536"
43c790bc-4360-4318-80fb-4eec4dee817e,OI_WALL_REJECTION,BULLISH,2026-07-23 09:19:00 IST,23907.7,23907.7,STOPPED_OUT_AT_BE,0.0,0.0,12.0,T2_HIT,40.0,1492.41,16.0,40.0,1492.41,True,Price approached massive OI wall at 23900.0 | Wall size: 53.6L contracts (+6.1% change) | Candle showed clear rejection/bounce | Follow-through candle confirmed the reversal | Price tested wall deeply / pierced the strike | Option Sizing: 0 lots suggested | Capital: ₹53.15 | Risk: 10.0% | Option SL: ₹116.78 | Option Target: ₹135.19 | Premium: ₹122.75 | Delta: +0.4975
3e254997-4f29-4f7f-b49e-48357b713b6b,TREND_CONTINUATION,BULLISH,2026-07-23 10:40:00 IST,23973.45,23973.45,TIME_STOP,0.0,0.0,25.0,TIME_STOP,0.0,0.0,32.0,0.0,0.0,False,"Trend continuation: regime held 16 candles before pullback | Pullback held 3 candle(s), resumed at 23973.45 | Pullback stayed on the trend side of VWAP — shallow retrace | Sufficient room to the next opposing structural level | Option Sizing: 0 lots suggested | Capital: ₹53.15 | Risk: 10.0% | Option SL: ₹110.14 | Option Target: ₹143.58 | Premium: ₹123.00 | Delta: +0.5146"
3e806ae2-ba6f-48f3-831d-2b124cae5569,EXHAUSTION_REVERSAL,BEARISH,2026-07-23 14:35:00 IST,23889.4,23849.4,T2_HIT,40.0,1410.18,12.0,T2_HIT,40.0,1410.18,18.0,0.0,0.0,False,Volume climax detected (2.8x average volume) | Candle formed a doji-like indecision pattern at 2:35pm | Extreme doji-like body ratio confirms high price indecision | Option Sizing: 0 lots suggested | Capital: ₹53.15 | Risk: 10.0% | Option SL: ₹123.01 | Option Target: ₹139.93 | Premium: ₹128.65 | Delta: -0.4701
cf323eab-94db-4fc2-a689-d71e2da00c41,EXHAUSTION_REVERSAL,BULLISH,2026-07-23 14:50:00 IST,23817.3,23817.3,STOPPED_OUT_AT_BE,0.0,0.0,12.0,SL_HIT,-18.0,-681.84,18.0,-18.0,-681.84,True,Volume climax detected (3.8x average volume) | Candle formed a doji-like indecision pattern at 2:50pm | Extreme climactic volume spike confirms high selling/buying pressure | Extreme doji-like body ratio confirms high price indecision | Option Sizing: 0 lots suggested | Capital: ₹53.15 | Risk: 10.0% | Option SL: ₹112.34 | Option Target: ₹130.52 | Premium: ₹118.40 | Delta: +0.5051
06d4a06c-4195-4978-8c6e-649648b7c62c,EXHAUSTION_REVERSAL,BULLISH,2026-07-23 15:07:00 IST,23860.2,23860.2,STOPPED_OUT_AT_BE,0.0,0.0,12.0,SL_HIT,-18.0,-666.98,18.0,-18.0,-666.98,True,Volume climax detected (3.9x average volume) | Candle formed a doji-like indecision pattern at 3:07pm | Extreme climactic volume spike confirms high selling/buying pressure | Option Sizing: 0 lots suggested | Capital: ₹53.15 | Risk: 10.0% | Option SL: ₹103.17 | Option Target: ₹120.96 | Premium: ₹109.10 | Delta: +0.4941
956eb55a-bb5c-40e7-95a6-88cc27ca436f,EXHAUSTION_REVERSAL,BULLISH,2026-07-23 15:24:00 IST,23881.0,23869.0,SL_HIT,-12.0,-409.25,12.0,TIME_STOP,-12.0,-409.25,18.0,0.0,0.0,True,Volume climax detected (4.5x average volume) | Candle formed a doji-like indecision pattern at 3:24pm | Extreme climactic volume spike confirms high selling/buying pressure | Extreme doji-like body ratio confirms high price indecision | Option Sizing: 0 lots suggested | Capital: ₹53.15 | Risk: 10.0% | Option SL: ₹93.54 | Option Target: ₹109.91 | Premium: ₹99.00 | Delta: +0.4547
239a53c3-dda2-458a-b9b6-6d68fd44ea11,OI_WALL_REJECTION,BEARISH,2026-07-24 09:34:00 IST,23695.95,23655.95,T2_HIT,40.0,1411.26,12.0,T2_HIT,40.0,1411.26,16.0,0.0,0.0,False,Price approached massive OI wall at 23700.0 | Wall size: 70.8L contracts (+11.4% change) | Candle showed clear rejection/bounce | Follow-through candle confirmed the reversal | Massive wall size confirms strong barrier (>1.5x min) | Aggressive active defending by option writers (>1.5x min change) | Price tested wall deeply / pierced the strike | Candle showed heavy overhead supply (long upper wick) | Option Sizing: 0 lots suggested | Capital: ₹53.15 | Risk: 10.0% | Option SL: ₹118.30 | Option Target: ₹135.71 | Premium: ₹123.95 | Delta: -0.4704
a8a232a5-1ef5-4a58-ac84-96d250bda9c8,TREND_CONTINUATION,BEARISH,2026-07-24 10:51:00 IST,23645.35,23670.35,SL_HIT,-25.0,-879.41,25.0,TIME_STOP,-25.0,-879.41,32.0,0.0,0.0,True,"Trend continuation: regime held 65 candles before pullback | Pullback held 3 candle(s), resumed at 23645.35 | Pullback stayed on the trend side of VWAP — shallow retrace | Resumption volume confirms participation (>= 1.2x average) | Regime persisted well beyond the minimum arming window | Sufficient room to the next opposing structural level | Option Sizing: 0 lots suggested | Capital: ₹53.15 | Risk: 10.0% | Option SL: ₹105.37 | Option Target: ₹135.86 | Premium: ₹117.10 | Delta: -0.4690"
cf6d404c-ba46-4f26-822b-9c687eec532c,EXHAUSTION_REVERSAL,BULLISH,2026-07-24 12:01:00 IST,23690.55,23807.2,T2_HIT,116.65,4037.37,12.0,T2_HIT,40.0,1384.44,18.0,-76.65,-2652.93,False,Volume climax detected (5.1x average volume) | Candle formed a doji-like indecision pattern at 12:01pm | Extreme climactic volume spike confirms high selling/buying pressure | Extreme doji-like body ratio confirms high price indecision | Option Sizing: 0 lots suggested | Capital: ₹53.15 | Risk: 10.0% | Option SL: ₹98.51 | Option Target: ₹115.13 | Premium: ₹104.05 | Delta: +0.4615
71a1a981-38de-41fe-b0c2-06054add9d58,EXHAUSTION_REVERSAL,BULLISH,2026-07-24 12:17:00 IST,23709.1,23807.2,T2_HIT,98.1,3561.62,12.0,T2_HIT,40.0,1452.24,18.0,-58.1,-2109.38,False,Volume climax detected (4.9x average volume) | Candle formed a doji-like indecision pattern at 12:17pm | Extreme climactic volume spike confirms high selling/buying pressure | Extreme doji-like body ratio confirms high price indecision | Option Sizing: 0 lots suggested | Capital: ₹53.15 | Risk: 10.0% | Option SL: ₹104.59 | Option Target: ₹122.02 | Premium: ₹110.40 | Delta: +0.4841
3958f468-9184-4fd0-93fb-5a57a4ccbf1c,EXHAUSTION_REVERSAL,BULLISH,2026-07-24 12:32:00 IST,23790.95,23778.95,SL_HIT,-12.0,-418.11,12.0,SL_HIT,-18.0,-627.17,18.0,-6.0,-209.06,False,Volume climax detected (5.4x average volume) | Candle formed a doji-like indecision pattern at 12:32pm | Extreme climactic volume spike confirms high selling/buying pressure | Extreme doji-like body ratio confirms high price indecision | Option Sizing: 0 lots suggested | Capital: ₹53.15 | Risk: 10.0% | Option SL: ₹108.28 | Option Target: ₹125.00 | Premium: ₹113.85 | Delta: +0.4646
0d0b4fe3-1c16-4f03-b87e-88dbb2b4fac0,EXHAUSTION_REVERSAL,BEARISH,2026-07-24 12:37:00 IST,23773.2,23785.2,SL_HIT,-12.0,-445.98,12.0,SL_HIT,-18.0,-668.97,18.0,-6.0,-222.99,False,Volume climax detected (6.6x average volume) | Candle formed a doji-like indecision pattern at 12:37pm | Extreme climactic volume spike confirms high selling/buying pressure | Extreme doji-like body ratio confirms high price indecision | Option Sizing: 0 lots suggested | Capital: ₹53.15 | Risk: 10.0% | Option SL: ₹119.00 | Option Target: ₹136.84 | Premium: ₹124.95 | Delta: -0.4955
97f8f8fe-1748-4749-9d8c-caa0ad208f93,EXHAUSTION_REVERSAL,BULLISH,2026-07-24 12:51:00 IST,23802.45,23790.45,SL_HIT,-12.0,-429.7,12.0,SL_HIT,-18.0,-644.54,18.0,-6.0,-214.84,False,Volume climax detected (4.9x average volume) | Candle formed a doji-like indecision pattern at 12:51pm | Extreme climactic volume spike confirms high selling/buying pressure | Exhaustion occurred at a significant key structural level | Option Sizing: 0 lots suggested | Capital: ₹53.15 | Risk: 10.0% | Option SL: ₹108.42 | Option Target: ₹125.61 | Premium: ₹114.15 | Delta: +0.4774
13ebcbb0-3e2a-4432-9c1b-688b0fd54999,EXHAUSTION_REVERSAL,BULLISH,2026-07-24 13:25:00 IST,23789.95,23777.95,SL_HIT,-12.0,-415.04,12.0,SL_HIT,-18.0,-622.55,18.0,-6.0,-207.51,False,Volume climax detected (2.7x average volume) | Candle formed a doji-like indecision pattern at 1:25pm | Option Sizing: 0 lots suggested | Capital: ₹53.15 | Risk: 10.0% | Option SL: ₹100.22 | Option Target: ₹116.82 | Premium: ₹105.75 | Delta: +0.4612
68033857-3b6b-475a-9ded-fb7102ebf743,OI_WALL_REJECTION,BULLISH,2026-07-27 09:21:00 IST,23933.7,23921.7,SL_HIT,-12.0,-3969.97,12.0,SL_HIT,-16.0,-5293.3,16.0,-4.0,-1323.33,False,"Price approached massive OI wall at 23900.0 | Wall size: 77.4L contracts (+6.5% change) | Candle showed clear rejection/bounce | Follow-through candle confirmed the reversal | Massive wall size confirms strong barrier (>1.5x min) | Candle showed strong absorption/buying tail (long lower wick) | Option Sizing: 9 lots suggested | Capital: ₹52,382.98 | Risk: 10.0% | Option SL: ₹80.87 | Option Target: ₹99.00 | Premium: ₹86.75 | Delta: +0.4901"
7d557363-6504-498a-8cd6-9d6fa7ff4c9c,OI_WALL_REJECTION,BULLISH,2026-07-27 09:29:00 IST,23936.2,23924.2,SL_HIT,-12.0,-888.82,12.0,SL_HIT,-16.0,-1185.1,16.0,-4.0,-296.28,False,"Price approached massive OI wall at 23900.0 | Wall size: 103.0L contracts (+5.1% change) | Candle showed clear rejection/bounce | Follow-through candle confirmed the reversal | Massive wall size confirms strong barrier (>1.5x min) | Candle showed strong absorption/buying tail (long lower wick) | Option Sizing: 2 lots suggested | Capital: ₹15,258.60 | Risk: 10.0% | Option SL: ₹74.22 | Option Target: ₹92.49 | Premium: ₹80.15 | Delta: +0.4938"
ceeabe80-9d45-40e8-95c1-c03924d0e457,TREND_CONTINUATION,BULLISH,2026-07-27 12:13:00 IST,23959.3,23959.3,TIME_STOP,0.0,0.0,25.0,TIME_STOP,0.0,0.0,32.0,0.0,0.0,False,"Trend continuation: regime held 54 candles before pullback | Pullback held 4 candle(s), resumed at 23959.30 | Pullback stayed on the trend side of VWAP — shallow retrace | Resumption volume confirms participation (>= 1.2x average) | Regime persisted well beyond the minimum arming window | Sufficient room to the next opposing structural level | Option Sizing: 2 lots suggested | Capital: ₹22,188.36 | Risk: 10.0% | Option SL: ₹68.44 | Option Target: ₹103.70 | Premium: ₹82.00 | Delta: +0.5425"
6b9ce672-7b6b-4433-ab3f-dd28a79fb539,EXHAUSTION_REVERSAL,BULLISH,2026-07-27 13:54:00 IST,23965.0,24005.0,T2_HIT,40.0,1686.36,12.0,T2_HIT,40.0,1686.36,18.0,0.0,0.0,False,"Volume climax detected (2.6x average volume) | Candle formed a doji-like indecision pattern at 1:54pm | Option Sizing: 0 lots suggested | Capital: ₹1,349.07 | Risk: 10.0% | Option SL: ₹67.25 | Option Target: ₹87.49 | Premium: ₹74.00 | Delta: +0.5621"
544fdb1b-2910-4457-8ddf-d663c9b0cf5a,EXHAUSTION_REVERSAL,BULLISH,2026-07-27 14:46:00 IST,24000.5,23988.5,SL_HIT,-12.0,-1413.13,12.0,TIME_STOP,-12.0,-1413.13,18.0,0.0,0.0,True,"Volume climax detected (3.0x average volume) | Candle formed a doji-like indecision pattern at 2:46pm | Extreme doji-like body ratio confirms high price indecision | Option Sizing: 3 lots suggested | Capital: ₹18,492.22 | Risk: 10.0% | Option SL: ₹67.67 | Option Target: ₹86.51 | Premium: ₹73.95 | Delta: +0.5234"
d7703993-2301-4fec-8844-4d0a460c6e41,TREND_CONTINUATION,BULLISH,2026-07-27 14:56:00 IST,23996.25,23996.25,TIME_STOP,0.0,0.0,25.0,TIME_STOP,0.0,0.0,32.0,0.0,0.0,False,"Trend continuation: regime held 40 candles before pullback | Pullback held 3 candle(s), resumed at 23996.25 | Pullback stayed on the trend side of VWAP — shallow retrace | Regime persisted well beyond the minimum arming window | Sufficient room to the next opposing structural level | Option Sizing: 0 lots suggested | Capital: ₹191.67 | Risk: 10.0% | Option SL: ₹61.06 | Option Target: ₹94.31 | Premium: ₹73.85 | Delta: +0.5115"
39a04b22-b053-433e-96a2-100717dcd68f,EXHAUSTION_REVERSAL,BEARISH,2026-07-27 15:11:00 IST,23999.5,23999.5,TIME_STOP,0.0,0.0,12.0,T1_HIT,24.0,3415.68,18.0,24.0,3415.68,True,"Volume climax detected (2.8x average volume) | Candle formed a doji-like indecision pattern at 3:11pm | Extreme doji-like body ratio confirms high price indecision | Option Sizing: 4 lots suggested | Capital: ₹15,088.58 | Risk: 10.0% | Option SL: ₹44.91 | Option Target: ₹61.99 | Premium: ₹50.60 | Delta: -0.4744"
2d36e55c-5b4f-4260-a2db-2d5ef6071d89,EXHAUSTION_REVERSAL,BULLISH,2026-07-28 13:00:00 IST,24004.95,23992.95,SL_HIT,-12.0,-489.84,12.0,SL_HIT,-18.0,-734.76,18.0,-6.0,-244.92,False,"Volume climax detected (3.9x average volume) | Candle formed a doji-like indecision pattern at 1:00pm | Extreme doji-like body ratio confirms high price indecision | Exhaustion occurred at a significant key structural level | Option Sizing: 1 lots suggested | Capital: ₹5,971.62 | Risk: 10.0% | Option SL: ₹21.02 | Option Target: ₹40.61 | Premium: ₹27.55 | Delta: +0.5443"
3efa09e8-4fb4-45fc-ad3e-783e313cca2e,TREND_CONTINUATION,BULLISH,2026-07-29 10:01:00 IST,24201.1,24281.1,T2_HIT,80.0,8885.88,25.0,T2_HIT,80.0,8885.88,32.0,0.0,0.0,False,"Trend continuation: regime held 37 candles before pullback | Pullback held 6 candle(s), resumed at 24201.10 | Regime persisted well beyond the minimum arming window | Sufficient room to the next opposing structural level | Option Sizing: 3 lots suggested | Capital: ₹31,743.96 | Risk: 10.0% | Option SL: ₹104.26 | Option Target: ₹136.35 | Premium: ₹116.60 | Delta: +0.4937"
913bddc8-bfd8-4885-b46e-077c83ddc8e7,EXHAUSTION_REVERSAL,BULLISH,2026-07-29 10:42:00 IST,24234.95,24222.95,SL_HIT,-12.0,-1692.4,12.0,SL_HIT,-18.0,-2538.59,18.0,-6.0,-846.19,False,"Volume climax detected (2.9x average volume) | Candle formed a doji-like indecision pattern at 10:42am | Option Sizing: 4 lots suggested | Capital: ₹30,091.93 | Risk: 10.0% | Option SL: ₹93.76 | Option Target: ₹110.68 | Premium: ₹99.40 | Delta: +0.4701"
522c4280-f9b9-4699-939a-55841bfad858,TREND_CONTINUATION,BULLISH,2026-07-29 12:33:00 IST,24225.7,24225.7,STOPPED_OUT_AT_BE,0.0,0.0,25.0,STOPPED_OUT_AT_BE,0.0,0.0,32.0,0.0,0.0,False,"Trend continuation: regime held 127 candles before pullback | Pullback held 5 candle(s), resumed at 24225.70 | Pullback stayed on the trend side of VWAP — shallow retrace | Regime persisted well beyond the minimum arming window | Sufficient room to the next opposing structural level | Price is FLAT — market moving under 15 points (last 15-candle range: 14.8 pts) | Option Sizing: 0 lots suggested | Capital: ₹4,175.37 | Risk: 10.0% | Option SL: ₹83.56 | Option Target: ₹113.18 | Premium: ₹94.95 | Delta: +0.4557"
7703ea5b-92a0-4a31-8059-1a9b1128ef4e,EXHAUSTION_REVERSAL,BULLISH,2026-07-29 13:51:00 IST,24248.9,24248.9,STOPPED_OUT_AT_BE,0.0,0.0,12.0,STOPPED_OUT_AT_BE,0.0,0.0,18.0,0.0,0.0,False,"Volume climax detected (2.7x average volume) | Candle formed a doji-like indecision pattern at 1:51pm | Option Sizing: 4 lots suggested | Capital: ₹27,737.66 | Risk: 10.0% | Option SL: ₹96.14 | Option Target: ₹113.72 | Premium: ₹102.00 | Delta: +0.4882"
9de3901d-6c26-4339-ae99-e1ec179127e4,EXHAUSTION_REVERSAL,BULLISH,2026-07-29 15:03:00 IST,24271.0,24259.0,SL_HIT,-12.0,-1880.57,12.0,SL_HIT,-18.0,-2820.85,18.0,-6.0,-940.28,False,"Volume climax detected (3.7x average volume) | Candle formed a doji-like indecision pattern at 3:03pm | Extreme doji-like body ratio confirms high price indecision | Option Sizing: 4 lots suggested | Capital: ₹27,453.71 | Risk: 10.0% | Option SL: ₹99.18 | Option Target: ₹117.99 | Premium: ₹105.45 | Delta: +0.5224"
72b889f1-83ee-44a2-bb87-9cbd04941b92,EXHAUSTION_REVERSAL,BULLISH,2026-07-29 15:16:00 IST,24248.4,24236.4,SL_HIT,-12.0,-437.94,12.0,TIME_STOP,-12.0,-437.94,18.0,0.0,0.0,True,"Volume climax detected (2.8x average volume) | Candle formed a doji-like indecision pattern at 3:16pm | Extreme doji-like body ratio confirms high price indecision | Option Sizing: 0 lots suggested | Capital: ₹2,788.81 | Risk: 10.0% | Option SL: ₹93.96 | Option Target: ₹111.48 | Premium: ₹99.80 | Delta: +0.4866"
e77f3ba9-0d59-49d0-9c66-712140de7580,OI_WALL_REJECTION,BULLISH,2026-07-30 09:18:00 IST,24250.75,24283.550000000003,T2_HIT,32.8,4723.99,12.0,T1_HIT,25.0,3600.6,16.0,-7.8,-1123.39,True,"Price approached massive OI wall at 24200.0 | Wall size: 103.7L contracts (+8.8% change) | Candle showed clear rejection/bounce | Follow-through candle confirmed the reversal | Massive wall size confirms strong barrier (>1.5x min) | Aggressive active defending by option writers (>1.5x min change) | Option Sizing: 4 lots suggested | Capital: ₹27,298.62 | Risk: 10.0% | Option SL: ₹80.89 | Option Target: ₹98.65 | Premium: ₹86.65 | Delta: +0.4801"
40497087-2abe-47ab-8137-0b9aace5851c,FAILED_BREAKOUT,BEARISH,2026-07-30 09:34:00 IST,24273.95,24273.95,STOPPED_OUT_AT_BE,0.0,0.0,15.0,STOPPED_OUT_AT_BE,0.0,0.0,15.0,0.0,0.0,False,"Price closed back past level 24283.550000000003 | Breakout candle volume was weak | Option writers did not cover their positions | Price closed back deeply past level (>=5.0 points) | Option Sizing: 2 lots suggested | Capital: ₹27,142.70 | Risk: 10.0% | Option SL: ₹133.86 | Option Target: ₹155.72 | Premium: ₹141.15 | Delta: -0.4857"
e2d2ed55-c383-4729-b3e3-cad7808cce54,FAILED_BREAKOUT,BEARISH,2026-07-30 09:52:00 IST,24269.8,24269.8,STOPPED_OUT_AT_BE,0.0,0.0,15.0,STOPPED_OUT_AT_BE,0.0,0.0,15.0,0.0,0.0,False,"Price closed back past level 24283.550000000003 | Breakout candle volume was weak | Price closed back deeply past level (>=5.0 points) | Option Sizing: 2 lots suggested | Capital: ₹27,184.81 | Risk: 10.0% | Option SL: ₹135.14 | Option Target: ₹157.23 | Premium: ₹142.50 | Delta: -0.4909"
9808ecb0-9d52-4c2c-b91c-b8284eecdaf0,TREND_CONTINUATION,BEARISH,2026-07-30 10:40:00 IST,24241.75,24266.75,SL_HIT,-25.0,-2625.86,25.0,TIME_STOP,-25.0,-2625.86,32.0,0.0,0.0,True,"Trend continuation: regime held 25 candles before pullback | Pullback held 5 candle(s), resumed at 24241.75 | Pullback stayed on the trend side of VWAP — shallow retrace | Sufficient room to the next opposing structural level | Option Sizing: 3 lots suggested | Capital: ₹27,184.81 | Risk: 10.0% | Option SL: ₹120.58 | Option Target: ₹150.92 | Premium: ₹132.25 | Delta: -0.4668"
272a4f1b-03a5-488b-b29b-9c9f1d041a02,FAILED_BREAKOUT,BEARISH,2026-07-30 13:10:00 IST,24278.55,24293.55,SL_HIT,-15.0,-539.07,15.0,SL_HIT,-15.0,-539.07,15.0,0.0,0.0,False,Price closed back past level 24283.550000000003 | Breakout candle volume was weak | Option writers did not cover their positions | Price closed back deeply past level (>=5.0 points) | Option Sizing: 0 lots suggested | Capital: ₹112.63 | Risk: 10.0% | Option SL: ₹115.01 | Option Target: ₹136.58 | Premium: ₹122.20 | Delta: -0.4792
48792212-d669-4b5c-ab90-d148a6f28650,TREND_CONTINUATION,BULLISH,2026-07-30 13:38:00 IST,24288.9,24263.9,SL_HIT,-25.0,-856.93,25.0,TIME_STOP,-25.0,-856.93,32.0,0.0,0.0,True,"Trend continuation: regime held 16 candles before pullback | Pullback held 6 candle(s), resumed at 24288.90 | Pullback stayed on the trend side of VWAP — shallow retrace | Resumption volume confirms participation (>= 1.2x average) | Sufficient room to the next opposing structural level | Option Sizing: 0 lots suggested | Capital: ₹1,776.50 | Risk: 10.0% | Option SL: ₹66.97 | Option Target: ₹96.68 | Premium: ₹78.40 | Delta: +0.4570"
36e38c46-16a0-4582-9165-1881fac20a70,TREND_CONTINUATION,BEARISH,2026-07-30 14:42:00 IST,24251.65,24276.65,SL_HIT,-25.0,-2537.77,25.0,TIME_STOP,-25.0,-2537.77,32.0,0.0,0.0,True,"Trend continuation: regime held 21 candles before pullback | Pullback held 10 candle(s), resumed at 24251.65 | Resumption volume confirms participation (>= 1.2x average) | Sufficient room to the next opposing structural level | Option Sizing: 3 lots suggested | Capital: ₹28,084.44 | Risk: 10.0% | Option SL: ₹97.32 | Option Target: ₹126.65 | Premium: ₹108.60 | Delta: -0.4512"
c516cb02-d752-41aa-9417-575a3cbc2230,FAILED_BREAKOUT,BULLISH,2026-07-31 09:16:00 IST,24357.55,24342.55,SL_HIT,-15.0,-534.88,15.0,SL_HIT,-15.0,-534.88,15.0,0.0,0.0,False,Price closed back past level 24342.95 | IV is dropping rapidly (IV Crush) | Option writers did not cover their positions | Option writers actively defended and added positions (>=10.0% OI growth) | Price closed back deeply past level (>=5.0 points) | Option Sizing: 0 lots suggested | Capital: ₹544.95 | Risk: 10.0% | Option SL: ₹73.42 | Option Target: ₹94.81 | Premium: ₹80.55 | Delta: +0.4754
c9b7755a-0b4c-4aab-8139-aa08e7f7667e,TREND_CONTINUATION,BULLISH,2026-07-31 10:54:00 IST,24349.75,24429.75,T2_HIT,80.0,2773.8,25.0,T1_HIT,40.0,1386.9,32.0,-40.0,-1386.9,True,"Trend continuation: regime held 16 candles before pullback | Pullback held 3 candle(s), resumed at 24349.75 | Pullback stayed on the trend side of VWAP — shallow retrace | Sufficient room to the next opposing structural level | Option Sizing: 0 lots suggested | Capital: ₹544.95 | Risk: 10.0% | Option SL: ₹57.79 | Option Target: ₹87.84 | Premium: ₹69.35 | Delta: +0.4623"
9df12289-81cc-4265-80c0-02ca62f50c0e,EXHAUSTION_REVERSAL,BULLISH,2026-07-31 11:26:00 IST,24370.5,24358.5,SL_HIT,-12.0,-450.51,12.0,TIME_STOP,-12.0,-450.51,18.0,0.0,0.0,True,Volume climax detected (3.6x average volume) | Candle formed a doji-like indecision pattern at 11:26am | Option Sizing: 0 lots suggested | Capital: ₹544.95 | Risk: 10.0% | Option SL: ₹69.39 | Option Target: ₹87.41 | Premium: ₹75.40 | Delta: +0.5006
c7192f5a-8d12-4748-8ce2-f08e5341d586,TREND_CONTINUATION,BULLISH,2026-07-31 11:49:00 IST,24361.1,24361.1,STOPPED_OUT_AT_BE,0.0,0.0,25.0,STOPPED_OUT_AT_BE,0.0,0.0,32.0,0.0,0.0,False,"Trend continuation: regime held 17 candles before pullback | Pullback held 7 candle(s), resumed at 24361.10 | Pullback stayed on the trend side of VWAP — shallow retrace | Sufficient room to the next opposing structural level | Price is FLAT — market moving under 15 points (last 15-candle range: 11.6 pts) | Option Sizing: 0 lots suggested | Capital: ₹544.95 | Risk: 10.0% | Option SL: ₹61.23 | Option Target: ₹92.61 | Premium: ₹73.30 | Delta: +0.4828"
80ab328a-e019-4578-84bd-c7bcf103145c,EXHAUSTION_REVERSAL,BULLISH,2026-07-31 14:16:00 IST,24402.65,24390.65,SL_HIT,-12.0,-416.63,12.0,TIME_STOP,-12.0,-416.63,18.0,0.0,0.0,True,Volume climax detected (3.1x average volume) | Candle formed a doji-like indecision pattern at 2:16pm | Option Sizing: 0 lots suggested | Capital: ₹544.95 | Risk: 10.0% | Option SL: ₹64.39 | Option Target: ₹81.06 | Premium: ₹69.95 | Delta: +0.4629
cd15f853-6ac7-450c-ad24-719c719d021b,EXHAUSTION_REVERSAL,BULLISH,2026-07-31 14:27:00 IST,24406.25,24394.25,SL_HIT,-12.0,-423.82,12.0,SL_HIT,-18.0,-635.73,18.0,-6.0,-211.91,False,Volume climax detected (3.3x average volume) | Candle formed a doji-like indecision pattern at 2:27pm | Extreme doji-like body ratio confirms high price indecision | Option Sizing: 0 lots suggested | Capital: ₹544.95 | Risk: 10.0% | Option SL: ₹65.25 | Option Target: ₹82.20 | Premium: ₹70.90 | Delta: +0.4709
2164c6db-f962-43af-849c-246fd5ecb4ff,EXHAUSTION_REVERSAL,BEARISH,2026-07-31 14:48:00 IST,24364.0,24376.0,SL_HIT,-12.0,-460.03,12.0,SL_HIT,-18.0,-690.05,18.0,-6.0,-230.02,False,Volume climax detected (2.9x average volume) | Candle formed a doji-like indecision pattern at 2:48pm | Option Sizing: 0 lots suggested | Capital: ₹544.95 | Risk: 10.0% | Option SL: ₹92.07 | Option Target: ₹110.47 | Premium: ₹98.20 | Delta: -0.5111
86b84f84-f405-4b25-88ac-8f62113973d1,EXHAUSTION_REVERSAL,BEARISH,2026-07-31 15:05:00 IST,24385.85,24397.85,SL_HIT,-12.0,-426.46,12.0,TIME_STOP,-12.0,-426.46,18.0,0.0,0.0,True,Volume climax detected (3.3x average volume) | Candle formed a doji-like indecision pattern at 3:05pm | Extreme doji-like body ratio confirms high price indecision | Option Sizing: 0 lots suggested | Capital: ₹544.95 | Risk: 10.0% | Option SL: ₹85.01 | Option Target: ₹102.07 | Premium: ₹90.70 | Delta: -0.4738
39b37ee5-9b04-443b-8df2-6a11db1e2d94,EXHAUSTION_REVERSAL,BULLISH,2026-07-31 15:11:00 IST,24395.7,24383.7,SL_HIT,-12.0,-500.56,12.0,SL_HIT,-18.0,-750.84,18.0,-6.0,-250.28,False,Volume climax detected (3.5x average volume) | Candle formed a doji-like indecision pattern at 3:11pm | Extreme doji-like body ratio confirms high price indecision | Option Sizing: 0 lots suggested | Capital: ₹544.95 | Risk: 10.0% | Option SL: ₹73.38 | Option Target: ₹93.40 | Premium: ₹80.05 | Delta: +0.5562
6f654b43-f668-4d06-9780-60a3e41018c1,TREND_CONTINUATION,BULLISH,2026-08-03 09:54:00 IST,24554.55,24554.55,STOPPED_OUT_AT_BE,0.0,0.0,25.0,STOPPED_OUT_AT_BE,0.0,0.0,32.0,0.0,0.0,False,"Trend continuation: regime held 23 candles before pullback | Pullback held 8 candle(s), resumed at 24554.55 | Pullback stayed on the trend side of VWAP — shallow retrace | Sufficient room to the next opposing structural level | Price is FLAT — market moving under 15 points (last 15-candle range: 14.7 pts) | Option Sizing: 0 lots suggested | Capital: ₹544.95 | Risk: 10.0% | Option SL: ₹55.24 | Option Target: ₹90.37 | Premium: ₹68.75 | Delta: +0.5404"
e4c5f449-fff9-4330-8c0d-93c3dd81bfa9,EXHAUSTION_REVERSAL,BULLISH,2026-08-03 10:45:00 IST,24582.45,24582.45,TIME_STOP,0.0,0.0,12.0,TIME_STOP,0.0,0.0,18.0,0.0,0.0,False,Volume climax detected (2.7x average volume) | Candle formed a doji-like indecision pattern at 10:45am | Option Sizing: 0 lots suggested | Capital: ₹544.95 | Risk: 10.0% | Option SL: ₹49.75 | Option Target: ₹67.00 | Premium: ₹55.50 | Delta: +0.4793
f301b618-4c86-44d1-9c2b-e05c57ac7201,EXHAUSTION_REVERSAL,BULLISH,2026-08-03 12:44:00 IST,24594.2,24582.2,SL_HIT,-12.0,-460.62,12.0,SL_HIT,-18.0,-690.93,18.0,-6.0,-230.31,False,Volume climax detected (3.0x average volume) | Candle formed a doji-like indecision pattern at 12:44pm | Option Sizing: 0 lots suggested | Capital: ₹544.95 | Risk: 10.0% | Option SL: ₹49.21 | Option Target: ₹67.63 | Premium: ₹55.35 | Delta: +0.5118
c3af7f13-4c74-4ad1-b924-c3d7950d1a4b,EXHAUSTION_REVERSAL,BEARISH,2026-08-03 13:09:00 IST,24582.65,24594.65,SL_HIT,-12.0,-464.74,12.0,SL_HIT,-18.0,-697.11,18.0,-6.0,-232.37,False,Volume climax detected (3.1x average volume) | Candle formed a doji-like indecision pattern at 1:09pm | Option Sizing: 0 lots suggested | Capital: ₹544.95 | Risk: 10.0% | Option SL: ₹68.95 | Option Target: ₹87.54 | Premium: ₹75.15 | Delta: -0.5164
a0008f70-944a-42ee-a439-0b7f11b2b90c,TREND_CONTINUATION,BULLISH,2026-08-03 13:37:00 IST,24599.3,24599.3,TIME_STOP,0.0,0.0,25.0,TIME_STOP,0.0,0.0,32.0,0.0,0.0,False,"Trend continuation: regime held 18 candles before pullback | Pullback held 6 candle(s), resumed at 24599.30 | Pullback stayed on the trend side of VWAP — shallow retrace | Sufficient room to the next opposing structural level | Option Sizing: 0 lots suggested | Capital: ₹544.95 | Risk: 10.0% | Option SL: ₹41.63 | Option Target: ₹75.87 | Premium: ₹54.80 | Delta: +0.5267"
43d78d7a-28c4-401b-997a-5425fda92a52,EXHAUSTION_REVERSAL,BULLISH,2026-08-03 14:05:00 IST,24589.9,24577.9,SL_HIT,-12.0,-448.84,12.0,TIME_STOP,-12.0,-448.84,18.0,0.0,0.0,True,Volume climax detected (4.2x average volume) | Candle formed a doji-like indecision pattern at 2:05pm | Extreme climactic volume spike confirms high selling/buying pressure | Extreme doji-like body ratio confirms high price indecision | Price is FLAT — market moving under 15 points (last 15-candle range: 8.4 pts) | Option Sizing: 0 lots suggested | Capital: ₹544.95 | Risk: 10.0% | Option SL: ₹43.62 | Option Target: ₹61.57 | Premium: ₹49.60 | Delta: +0.4987
48bb9972-3f85-4b8e-be4f-d494a159adf3,TREND_CONTINUATION,BULLISH,2026-08-03 14:27:00 IST,24590.45,24565.45,SL_HIT,-25.0,-933.82,25.0,SL_HIT,-32.0,-1195.3,32.0,-7.0,-261.48,False,"Trend continuation: regime held 17 candles before pullback | Pullback held 6 candle(s), resumed at 24590.45 | Pullback stayed on the trend side of VWAP — shallow retrace | Sufficient room to the next opposing structural level | Option Sizing: 0 lots suggested | Capital: ₹544.95 | Risk: 10.0% | Option SL: ₹36.75 | Option Target: ₹69.12 | Premium: ₹49.20 | Delta: +0.4980"
5c9f47aa-dc7e-44bf-8771-05d42fdf8d44,EXHAUSTION_REVERSAL,BEARISH,2026-08-03 14:44:00 IST,24596.3,24596.3,STOPPED_OUT_AT_BE,0.0,0.0,12.0,T2_HIT,40.0,1459.47,18.0,40.0,1459.47,True,Volume climax detected (3.1x average volume) | Candle formed a doji-like indecision pattern at 2:44pm | Extreme doji-like body ratio confirms high price indecision | Price is FLAT — market moving under 15 points (last 15-candle range: 14.4 pts) | Option Sizing: 0 lots suggested | Capital: ₹544.95 | Risk: 10.0% | Option SL: ₹59.76 | Option Target: ₹77.28 | Premium: ₹65.60 | Delta: -0.4865
cbc3d248-07cc-4e92-b12a-9d1575b9aa6b,EXHAUSTION_REVERSAL,BULLISH,2026-08-03 15:00:00 IST,24594.85,24582.85,SL_HIT,-12.0,-460.94,12.0,SL_HIT,-18.0,-691.42,18.0,-6.0,-230.48,False,Volume climax detected (3.5x average volume) | Candle formed a doji-like indecision pattern at 3:00pm | Extreme doji-like body ratio confirms high price indecision | Price is FLAT — market moving under 15 points (last 15-candle range: 12.9 pts) | Option Sizing: 0 lots suggested | Capital: ₹544.95 | Risk: 10.0% | Option SL: ₹42.65 | Option Target: ₹61.09 | Premium: ₹48.80 | Delta: +0.5122
8b49bc10-bde2-4d63-9f27-b917ec7f9386,EXHAUSTION_REVERSAL,BEARISH,2026-08-03 15:06:00 IST,24572.0,24584.0,SL_HIT,-12.0,-492.03,12.0,SL_HIT,-18.0,-738.04,18.0,-6.0,-246.01,False,Volume climax detected (3.7x average volume) | Candle formed a doji-like indecision pattern at 3:06pm | Extreme doji-like body ratio confirms high price indecision | Option Sizing: 0 lots suggested | Capital: ₹544.95 | Risk: 10.0% | Option SL: ₹70.44 | Option Target: ₹90.12 | Premium: ₹77.00 | Delta: -0.5467
49f3bba2-fb76-4185-9b67-1a1237906367,EXHAUSTION_REVERSAL,BEARISH,2026-08-03 15:10:00 IST,24570.85,24582.85,SL_HIT,-12.0,-493.16,12.0,TIME_STOP,-12.0,-493.16,18.0,0.0,0.0,True,Volume climax detected (2.6x average volume) | Candle formed a doji-like indecision pattern at 3:10pm | Option Sizing: 0 lots suggested | Capital: ₹544.95 | Risk: 10.0% | Option SL: ₹69.77 | Option Target: ₹89.50 | Premium: ₹76.35 | Delta: -0.5480
