entry_timestamp_ist,setup_type,direction,entry_price,actual_exit_price,orig_result_state,orig_pnl_points,orig_opt_pnl_rupees,hybrid_result_state,hybrid_pnl_points,hybrid_opt_pnl_rupees,pnl_difference,config_used
2026-07-20 10:00:00 IST,TREND_CONTINUATION,BEARISH,24181.4,24206.4,SL_HIT,-25.0,-959.27,SL_HIT,-25.0,-959.27,0.0,OLD (Original)
2026-07-20 11:40:00 IST,TREND_CONTINUATION,BEARISH,24206.2,24206.2,STOPPED_OUT_AT_BE,0.0,0.0,STOPPED_OUT_AT_BE,0.0,0.0,0.0,OLD (Original)
2026-07-20 13:15:00 IST,EXHAUSTION_REVERSAL,BULLISH,24222.4,24222.4,STOPPED_OUT_AT_BE,0.0,0.0,STOPPED_OUT_AT_BE,0.0,0.0,0.0,OLD (Original)
2026-07-20 14:12:00 IST,TREND_CONTINUATION,BULLISH,24256.6,24231.6,SL_HIT,-25.0,-1003.63,SL_HIT,-25.0,-1003.63,0.0,OLD (Original)
2026-07-20 14:48:00 IST,TREND_CONTINUATION,BEARISH,24239.05,24239.05,TIME_STOP,0.0,0.0,TIME_STOP,0.0,0.0,0.0,OLD (Original)
2026-07-20 15:12:00 IST,TREND_CONTINUATION,BEARISH,24237.45,24237.45,TIME_STOP,0.0,0.0,TIME_STOP,0.0,0.0,0.0,OLD (Original)
2026-07-21 13:25:00 IST,TREND_CONTINUATION,BEARISH,24165.45,24190.45,SL_HIT,-25.0,-742.37,SL_HIT,-25.0,-742.37,0.0,OLD (Original)
2026-07-21 15:12:00 IST,TREND_CONTINUATION,BULLISH,24186.1,24186.1,TIME_STOP,0.0,0.0,TIME_STOP,0.0,0.0,0.0,OLD (Original)
2026-07-22 10:03:00 IST,EXHAUSTION_REVERSAL,BEARISH,24023.25,24035.25,SL_HIT,-12.0,-434.21,SL_HIT,-12.0,-434.21,0.0,OLD (Original)
2026-07-22 10:17:00 IST,EXHAUSTION_REVERSAL,BULLISH,24022.05,24010.05,SL_HIT,-12.0,-415.1,SL_HIT,-12.0,-415.1,0.0,OLD (Original)
2026-07-22 11:20:00 IST,TREND_CONTINUATION,BEARISH,24024.45,24049.45,SL_HIT,-25.0,-902.57,SL_HIT,-25.0,-902.57,0.0,OLD (Original)
2026-07-22 14:17:00 IST,EXHAUSTION_REVERSAL,BEARISH,23985.6,23985.6,TIME_STOP,0.0,0.0,TIME_STOP,0.0,0.0,0.0,OLD (Original)
2026-07-22 15:21:00 IST,TREND_CONTINUATION,BEARISH,24006.05,23926.05,T2_HIT,80.0,2721.72,T2_HIT,80.0,2721.72,0.0,OLD (Original)
2026-07-23 09:19:00 IST,OI_WALL_REJECTION,BULLISH,23907.7,23907.7,STOPPED_OUT_AT_BE,0.0,0.0,T2_HIT,40.0,1492.41,40.0,NEW (SL 16.0)
2026-07-23 10:40:00 IST,TREND_CONTINUATION,BULLISH,23973.45,23973.45,TIME_STOP,0.0,0.0,TIME_STOP,0.0,0.0,0.0,OLD (Original)
2026-07-23 14:35:00 IST,EXHAUSTION_REVERSAL,BEARISH,23889.4,23849.4,T2_HIT,40.0,1410.18,T2_HIT,40.0,1410.18,0.0,OLD (Original)
2026-07-23 14:50:00 IST,EXHAUSTION_REVERSAL,BULLISH,23817.3,23817.3,STOPPED_OUT_AT_BE,0.0,0.0,STOPPED_OUT_AT_BE,0.0,0.0,0.0,OLD (Original)
2026-07-23 15:07:00 IST,EXHAUSTION_REVERSAL,BULLISH,23860.2,23860.2,STOPPED_OUT_AT_BE,0.0,0.0,STOPPED_OUT_AT_BE,0.0,0.0,0.0,OLD (Original)
2026-07-23 15:24:00 IST,EXHAUSTION_REVERSAL,BULLISH,23881.0,23869.0,SL_HIT,-12.0,-409.25,SL_HIT,-12.0,-409.25,0.0,OLD (Original)
2026-07-24 09:34:00 IST,OI_WALL_REJECTION,BEARISH,23695.95,23655.95,T2_HIT,40.0,1411.26,T2_HIT,40.0,1411.26,0.0,NEW (SL 16.0)
2026-07-24 10:51:00 IST,TREND_CONTINUATION,BEARISH,23645.35,23670.35,SL_HIT,-25.0,-879.41,SL_HIT,-25.0,-879.41,0.0,OLD (Original)
2026-07-24 12:01:00 IST,EXHAUSTION_REVERSAL,BULLISH,23690.55,23807.2,T2_HIT,116.65,4037.37,T2_HIT,116.65,4037.37,0.0,OLD (Original)
2026-07-24 12:17:00 IST,EXHAUSTION_REVERSAL,BULLISH,23709.1,23807.2,T2_HIT,98.1,3561.62,T2_HIT,98.1,3561.62,0.0,OLD (Original)
2026-07-24 12:32:00 IST,EXHAUSTION_REVERSAL,BULLISH,23790.95,23778.95,SL_HIT,-12.0,-418.11,SL_HIT,-12.0,-418.11,0.0,OLD (Original)
2026-07-24 12:37:00 IST,EXHAUSTION_REVERSAL,BEARISH,23773.2,23785.2,SL_HIT,-12.0,-445.98,SL_HIT,-12.0,-445.98,0.0,OLD (Original)
2026-07-24 12:51:00 IST,EXHAUSTION_REVERSAL,BULLISH,23802.45,23790.45,SL_HIT,-12.0,-429.7,SL_HIT,-12.0,-429.7,0.0,OLD (Original)
2026-07-24 13:25:00 IST,EXHAUSTION_REVERSAL,BULLISH,23789.95,23777.95,SL_HIT,-12.0,-415.04,SL_HIT,-12.0,-415.04,0.0,OLD (Original)
2026-07-27 09:21:00 IST,OI_WALL_REJECTION,BULLISH,23933.7,23921.7,SL_HIT,-12.0,-3969.97,SL_HIT,-16.0,-5293.3,-4.0,NEW (SL 16.0)
2026-07-27 09:29:00 IST,OI_WALL_REJECTION,BULLISH,23936.2,23924.2,SL_HIT,-12.0,-888.82,SL_HIT,-16.0,-1185.1,-4.0,NEW (SL 16.0)
2026-07-27 12:13:00 IST,TREND_CONTINUATION,BULLISH,23959.3,23959.3,TIME_STOP,0.0,0.0,TIME_STOP,0.0,0.0,0.0,OLD (Original)
2026-07-27 13:54:00 IST,EXHAUSTION_REVERSAL,BULLISH,23965.0,24005.0,T2_HIT,40.0,1686.36,T2_HIT,40.0,1686.36,0.0,OLD (Original)
2026-07-27 14:46:00 IST,EXHAUSTION_REVERSAL,BULLISH,24000.5,23988.5,SL_HIT,-12.0,-1413.13,SL_HIT,-12.0,-1413.13,0.0,OLD (Original)
2026-07-27 14:56:00 IST,TREND_CONTINUATION,BULLISH,23996.25,23996.25,TIME_STOP,0.0,0.0,TIME_STOP,0.0,0.0,0.0,OLD (Original)
2026-07-27 15:11:00 IST,EXHAUSTION_REVERSAL,BEARISH,23999.5,23999.5,TIME_STOP,0.0,0.0,TIME_STOP,0.0,0.0,0.0,OLD (Original)
2026-07-28 13:00:00 IST,EXHAUSTION_REVERSAL,BULLISH,24004.95,23992.95,SL_HIT,-12.0,-489.84,SL_HIT,-12.0,-489.84,0.0,OLD (Original)
2026-07-29 10:01:00 IST,TREND_CONTINUATION,BULLISH,24201.1,24281.1,T2_HIT,80.0,8885.88,T2_HIT,80.0,8885.88,0.0,OLD (Original)
2026-07-29 10:42:00 IST,EXHAUSTION_REVERSAL,BULLISH,24234.95,24222.95,SL_HIT,-12.0,-1692.4,SL_HIT,-12.0,-1692.4,0.0,OLD (Original)
2026-07-29 12:33:00 IST,TREND_CONTINUATION,BULLISH,24225.7,24225.7,STOPPED_OUT_AT_BE,0.0,0.0,STOPPED_OUT_AT_BE,0.0,0.0,0.0,OLD (Original)
2026-07-29 13:51:00 IST,EXHAUSTION_REVERSAL,BULLISH,24248.9,24248.9,STOPPED_OUT_AT_BE,0.0,0.0,STOPPED_OUT_AT_BE,0.0,0.0,0.0,OLD (Original)
2026-07-29 15:03:00 IST,EXHAUSTION_REVERSAL,BULLISH,24271.0,24259.0,SL_HIT,-12.0,-1880.57,SL_HIT,-12.0,-1880.57,0.0,OLD (Original)
2026-07-29 15:16:00 IST,EXHAUSTION_REVERSAL,BULLISH,24248.4,24236.4,SL_HIT,-12.0,-437.94,SL_HIT,-12.0,-437.94,0.0,OLD (Original)
2026-07-30 09:18:00 IST,OI_WALL_REJECTION,BULLISH,24250.75,24283.550000000003,T2_HIT,32.8,4723.99,T1_HIT,25.0,3600.6,-7.8,NEW (SL 16.0)
2026-07-30 09:34:00 IST,FAILED_BREAKOUT,BEARISH,24273.95,24273.95,STOPPED_OUT_AT_BE,0.0,0.0,STOPPED_OUT_AT_BE,0.0,0.0,0.0,OLD (Original)
2026-07-30 09:52:00 IST,FAILED_BREAKOUT,BEARISH,24269.8,24269.8,STOPPED_OUT_AT_BE,0.0,0.0,STOPPED_OUT_AT_BE,0.0,0.0,0.0,OLD (Original)
2026-07-30 10:40:00 IST,TREND_CONTINUATION,BEARISH,24241.75,24266.75,SL_HIT,-25.0,-2625.86,SL_HIT,-25.0,-2625.86,0.0,OLD (Original)
2026-07-30 13:10:00 IST,FAILED_BREAKOUT,BEARISH,24278.55,24293.55,SL_HIT,-15.0,-539.07,SL_HIT,-15.0,-539.07,0.0,OLD (Original)
2026-07-30 13:38:00 IST,TREND_CONTINUATION,BULLISH,24288.9,24263.9,SL_HIT,-25.0,-856.93,SL_HIT,-25.0,-856.93,0.0,OLD (Original)
2026-07-30 14:42:00 IST,TREND_CONTINUATION,BEARISH,24251.65,24276.65,SL_HIT,-25.0,-2537.77,SL_HIT,-25.0,-2537.77,0.0,OLD (Original)
2026-07-31 09:16:00 IST,FAILED_BREAKOUT,BULLISH,24357.55,24342.55,SL_HIT,-15.0,-534.88,SL_HIT,-15.0,-534.88,0.0,OLD (Original)
2026-07-31 10:54:00 IST,TREND_CONTINUATION,BULLISH,24349.75,24429.75,T2_HIT,80.0,2773.8,T2_HIT,80.0,2773.8,0.0,OLD (Original)
2026-07-31 11:26:00 IST,EXHAUSTION_REVERSAL,BULLISH,24370.5,24358.5,SL_HIT,-12.0,-450.51,SL_HIT,-12.0,-450.51,0.0,OLD (Original)
2026-07-31 11:49:00 IST,TREND_CONTINUATION,BULLISH,24361.1,24361.1,STOPPED_OUT_AT_BE,0.0,0.0,STOPPED_OUT_AT_BE,0.0,0.0,0.0,OLD (Original)
2026-07-31 14:16:00 IST,EXHAUSTION_REVERSAL,BULLISH,24402.65,24390.65,SL_HIT,-12.0,-416.63,SL_HIT,-12.0,-416.63,0.0,OLD (Original)
2026-07-31 14:27:00 IST,EXHAUSTION_REVERSAL,BULLISH,24406.25,24394.25,SL_HIT,-12.0,-423.82,SL_HIT,-12.0,-423.82,0.0,OLD (Original)
2026-07-31 14:48:00 IST,EXHAUSTION_REVERSAL,BEARISH,24364.0,24376.0,SL_HIT,-12.0,-460.03,SL_HIT,-12.0,-460.03,0.0,OLD (Original)
2026-07-31 15:05:00 IST,EXHAUSTION_REVERSAL,BEARISH,24385.85,24397.85,SL_HIT,-12.0,-426.46,SL_HIT,-12.0,-426.46,0.0,OLD (Original)
2026-07-31 15:11:00 IST,EXHAUSTION_REVERSAL,BULLISH,24395.7,24383.7,SL_HIT,-12.0,-500.56,SL_HIT,-12.0,-500.56,0.0,OLD (Original)
2026-08-03 09:54:00 IST,TREND_CONTINUATION,BULLISH,24554.55,24554.55,STOPPED_OUT_AT_BE,0.0,0.0,STOPPED_OUT_AT_BE,0.0,0.0,0.0,OLD (Original)
2026-08-03 10:45:00 IST,EXHAUSTION_REVERSAL,BULLISH,24582.45,24582.45,TIME_STOP,0.0,0.0,TIME_STOP,0.0,0.0,0.0,OLD (Original)
2026-08-03 12:44:00 IST,EXHAUSTION_REVERSAL,BULLISH,24594.2,24582.2,SL_HIT,-12.0,-460.62,SL_HIT,-12.0,-460.62,0.0,OLD (Original)
2026-08-03 13:09:00 IST,EXHAUSTION_REVERSAL,BEARISH,24582.65,24594.65,SL_HIT,-12.0,-464.74,SL_HIT,-12.0,-464.74,0.0,OLD (Original)
2026-08-03 13:37:00 IST,TREND_CONTINUATION,BULLISH,24599.3,24599.3,TIME_STOP,0.0,0.0,TIME_STOP,0.0,0.0,0.0,OLD (Original)
2026-08-03 14:05:00 IST,EXHAUSTION_REVERSAL,BULLISH,24589.9,24577.9,SL_HIT,-12.0,-448.84,SL_HIT,-12.0,-448.84,0.0,OLD (Original)
2026-08-03 14:27:00 IST,TREND_CONTINUATION,BULLISH,24590.45,24565.45,SL_HIT,-25.0,-933.82,SL_HIT,-25.0,-933.82,0.0,OLD (Original)
2026-08-03 14:44:00 IST,EXHAUSTION_REVERSAL,BEARISH,24596.3,24596.3,STOPPED_OUT_AT_BE,0.0,0.0,STOPPED_OUT_AT_BE,0.0,0.0,0.0,OLD (Original)
2026-08-03 15:00:00 IST,EXHAUSTION_REVERSAL,BULLISH,24594.85,24582.85,SL_HIT,-12.0,-460.94,SL_HIT,-12.0,-460.94,0.0,OLD (Original)
2026-08-03 15:06:00 IST,EXHAUSTION_REVERSAL,BEARISH,24572.0,24584.0,SL_HIT,-12.0,-492.03,SL_HIT,-12.0,-492.03,0.0,OLD (Original)
2026-08-03 15:10:00 IST,EXHAUSTION_REVERSAL,BEARISH,24570.85,24582.85,SL_HIT,-12.0,-493.16,SL_HIT,-12.0,-493.16,0.0,OLD (Original)
